browse,browse_to_add_to_consider,browse_to_purchase,directly_add_to_consider,directly_purchase,no_browse,user_id
2,0,1,0,0,4,412384
0,1,1,0,0,5,34244
2,2,1,0,0,2,326223
2,3,1,0,0,1,41215
2,2,1,0,0,2,224353
0,2,1,0,0,4,141816
0,0,1,0,1,5,347444
0,1,1,0,0,5,187002
1,0,1,0,0,5,221554
3,0,1,0,0,3,253455
1,0,1,0,0,5,198046
0,0,0,1,1,5,307166
0,0,2,0,0,5,314405
1,1,1,0,0,4,180940
3,1,1,0,0,2,151292
0,0,0,0,2,5,88957
0,0,2,0,0,5,154895
3,0,1,0,0,3,91942
2,0,1,0,0,4,273092
1,0,0,0,1,5,398813
1,0,1,0,0,5,183513
0,1,1,0,0,5,304972
0,0,0,0,4,3,294279
2,0,1,0,0,4,94262
1,0,1,0,0,5,410100
1,0,1,0,0,5,155764
1,0,1,0,0,5,180275
1,1,1,0,0,4,291143
0,0,0,1,1,5,386792
3,0,2,0,0,2,358740
0,1,1,0,0,5,415149
1,0,2,0,0,4,318022
1,0,1,0,0,5,256067
2,1,1,0,0,3,162477
1,1,1,0,0,4,88150
2,0,1,0,0,4,291627
1,2,1,0,0,3,155124
1,0,0,0,1,5,208593
3,0,1,0,0,3,162184
1,0,1,0,0,5,196228
3,0,1,0,0,3,65825
1,2,1,0,0,3,17062
1,0,1,0,0,5,300678
0,0,1,1,0,5,310100
1,1,1,0,0,4,233644
2,0,2,0,0,3,260232
2,0,1,0,0,4,209294
2,0,1,0,0,4,112113
1,0,1,0,1,4,369867
2,0,1,0,0,4,64702
2,0,1,0,0,4,96020
0,0,0,3,1,3,291532
0,1,1,0,0,5,143963
1,0,1,0,0,5,229594
1,1,1,0,0,4,186107
1,0,1,0,0,5,331224
0,2,0,0,1,4,319312
2,1,1,0,0,3,59752
1,1,1,0,0,4,351674
0,0,3,0,0,4,285862
1,0,1,0,0,5,345205
0,0,1,2,0,4,234707
1,0,2,0,0,4,259373
0,0,0,0,2,5,45042
0,0,1,1,1,4,43603
1,0,1,0,0,5,79518
1,0,1,0,0,5,33056
2,0,1,0,0,4,403146
2,0,2,0,0,3,359516
1,0,1,0,0,5,322628
2,0,2,0,0,3,267710
1,0,1,0,0,5,245583
1,1,1,0,0,4,150604
2,0,1,0,0,4,3981
0,0,0,2,1,4,93925
1,0,1,0,0,5,240568
3,0,2,0,0,2,161856
0,0,0,2,2,3,62507
1,0,2,0,0,4,6466
1,0,0,0,1,5,116396
2,0,1,0,0,4,138464
1,0,1,0,0,5,316368
1,0,1,0,0,5,339351
1,0,0,2,1,3,301132
1,0,1,0,0,5,224590
1,1,1,1,1,2,185381
1,0,2,0,0,4,375227
1,2,1,0,0,3,183318
2,0,1,0,0,4,10309
2,0,1,0,0,4,403979
0,0,2,0,0,5,132287
1,0,1,0,0,5,282954
2,0,1,0,0,4,135123
2,0,1,0,0,4,228138
1,0,2,0,0,4,81934
0,1,0,0,1,5,235946
0,0,2,0,0,5,36713
2,0,1,0,0,4,419211
1,2,1,0,0,3,246592
2,1,1,0,0,3,138926
2,0,1,0,0,4,178340
0,0,1,4,1,1,178394
0,0,2,0,0,5,423357
0,0,1,1,0,5,49192
2,0,0,0,1,4,3314
0,0,1,2,1,3,206467
0,0,1,2,0,4,125433
2,0,2,0,1,2,369225
1,0,2,0,0,4,244325
2,0,1,0,0,4,305937
2,0,2,0,0,3,328964
2,0,1,1,0,3,77455
2,0,1,0,0,4,110891
2,0,1,0,0,4,25107
2,0,1,0,0,4,83823
1,0,1,0,0,5,120898
1,0,1,0,0,5,324617
1,0,2,0,0,4,342212
2,0,1,0,0,4,194034
0,2,1,0,0,4,96279
2,0,1,0,0,4,161207
0,2,1,0,0,4,64031
0,0,3,0,1,3,91226
1,0,1,0,0,5,201070
1,0,1,0,0,5,217311
0,1,1,1,0,4,41609
2,0,1,0,0,4,154054
2,0,1,0,0,4,146343
1,0,1,0,0,5,343905
2,0,1,0,0,4,234758
1,0,1,0,0,5,291705
0,2,1,0,0,4,394018
2,2,1,0,0,2,354950
1,0,1,0,0,5,308426
1,2,1,0,0,3,100116
2,0,1,0,0,4,5360
3,0,1,0,0,3,125290
1,0,1,1,0,4,255984
2,1,2,0,0,2,223733
1,0,1,0,0,5,92006
2,0,1,0,0,4,328175
3,1,1,0,0,2,403796
0,0,2,0,0,5,138624
3,2,1,0,0,1,117174
3,0,1,0,0,3,232808
1,2,0,0,1,3,150016
1,3,1,0,0,2,232761
1,0,1,0,0,5,98852
1,0,1,0,0,5,170945
1,0,1,0,0,5,46845
0,0,2,0,0,5,158089
0,2,1,0,1,3,101760
3,0,1,0,0,3,270374
1,0,1,0,0,5,167645
0,1,2,1,0,3,388125
0,1,2,0,0,4,350597
1,0,1,0,0,5,179987
0,1,2,0,0,4,343344
1,0,1,0,0,5,392484
0,1,1,0,0,5,172255
1,0,0,0,1,5,229177
1,0,1,0,0,5,111110
1,0,1,0,1,4,60551
4,0,1,0,0,2,104463
2,0,2,0,0,3,109567
2,1,1,0,0,3,368415
1,0,1,0,0,5,121070
1,0,1,0,0,5,68095
1,0,1,0,0,5,210104
1,0,2,0,0,4,260734
1,0,1,0,0,5,363273
0,0,4,0,0,3,405135
0,0,2,0,0,5,109512
0,0,1,2,0,4,31294
2,0,0,0,1,4,266927
3,0,1,0,0,3,165436
1,3,1,0,0,2,371760
0,1,0,0,1,5,382486
0,0,1,0,1,5,187636
1,0,0,0,1,5,162705
0,1,1,0,0,5,115877
0,0,1,0,1,5,68488
0,2,1,0,0,4,36864
0,1,1,0,1,4,179130
1,0,1,0,0,5,395505
0,0,2,0,0,5,290465
1,0,2,0,0,4,240404
1,0,1,0,0,5,137446
1,0,1,0,0,5,167590
1,0,1,0,0,5,256692
1,0,1,0,0,5,68950
2,0,0,0,1,4,33041
2,1,1,0,0,3,292163
0,0,1,0,1,5,168056
1,0,1,0,0,5,217413
0,1,2,0,0,4,309633
2,0,1,0,0,4,305950
2,0,1,0,0,4,331825
1,0,1,0,0,5,378332
1,1,1,0,0,4,317177
2,1,2,0,0,2,101812
1,0,1,0,0,5,194981
1,1,1,0,0,4,135136
2,0,1,0,0,4,361403
0,0,2,0,0,5,145262
2,0,1,0,0,4,278734
1,0,1,0,0,5,163329
1,1,1,0,0,4,238377
1,0,1,0,1,4,301195
1,0,2,0,0,4,245065
3,0,2,0,0,2,398147
2,0,1,0,0,4,15969
2,0,1,0,0,4,156742
1,0,1,0,0,5,77291
1,2,1,0,0,3,301711
1,0,1,0,0,5,110762
0,1,1,0,0,5,328668
1,0,1,0,0,5,55426
1,1,1,0,0,4,111877
1,0,1,0,0,5,354843
1,0,2,0,0,4,250698
1,1,1,0,0,4,230295
1,0,2,0,0,4,176862
0,0,2,0,0,5,361663
2,1,1,0,0,3,239718
2,1,1,0,0,3,41537
0,0,1,2,0,4,302693
0,0,1,1,0,5,85270
0,0,1,0,1,5,10804
0,0,0,1,1,5,23715
3,0,1,0,0,3,251725
1,0,1,0,0,5,199671
1,0,1,0,0,5,422333
3,0,1,0,0,3,151950
2,0,1,0,0,4,61335
0,1,1,2,0,3,278542
1,0,1,0,0,5,325993
0,1,2,0,0,4,185776
0,1,1,1,0,4,117776
1,0,1,0,0,5,348645
2,0,1,0,0,4,302971
0,1,1,1,0,4,232146
0,0,2,0,0,5,149719
1,0,1,0,0,5,150901
2,0,1,0,0,4,398795
0,4,1,0,0,2,192686
1,0,1,0,0,5,359610
2,0,1,0,0,4,208238
2,0,1,0,0,4,364761
1,0,2,0,0,4,74826
2,0,1,0,0,4,386188
3,0,1,0,0,3,211944
4,0,1,0,0,2,44697
3,0,1,0,0,3,44060
0,0,2,0,0,5,416067
0,1,1,0,0,5,176836
1,0,1,0,0,5,317782
1,0,1,0,0,5,168027
0,0,2,0,0,5,342774
2,1,1,0,0,3,60206
1,3,1,0,0,2,369067
2,0,1,0,0,4,299761
1,1,1,0,0,4,52351
2,0,1,0,0,4,58227
2,0,4,0,0,1,373568
1,1,0,0,1,4,217623
1,2,1,0,0,3,31956
1,0,1,0,0,5,344010
1,0,1,1,0,4,38641
1,0,2,0,0,4,410770
1,0,1,0,0,5,407388
2,0,1,0,0,4,182065
1,0,1,0,0,5,183632
2,0,0,0,1,4,409967
1,0,1,0,0,5,182252
2,0,1,0,0,4,352882
1,0,1,1,0,4,56093
3,0,1,0,0,3,378582
2,1,1,0,0,3,250320
1,0,1,0,0,5,135229
1,0,1,0,0,5,157199
2,0,0,1,1,3,284438
1,3,2,0,0,1,365591
0,1,1,1,0,4,287734
1,0,1,0,0,5,234015
1,0,1,0,0,5,248990
0,0,0,4,1,2,142796
1,0,1,0,0,5,333480
1,1,1,0,0,4,187486
0,0,1,0,1,5,367127
1,0,1,0,0,5,14206
0,2,1,1,0,3,66722
0,1,1,2,0,3,244648
2,0,3,0,0,2,364360
0,0,1,1,0,5,364633
1,1,1,2,0,2,65146
2,1,0,0,1,3,12367
0,0,0,2,1,4,206374
1,1,1,0,0,4,178246
0,3,2,0,0,2,110279
1,0,1,0,0,5,32278
2,0,1,0,0,4,72347
1,1,2,0,0,3,302675
0,1,1,2,0,3,401537
1,0,1,2,0,3,58843
0,1,1,0,0,5,234541
0,1,1,3,0,2,263270
0,0,1,1,0,5,304532
2,0,1,1,1,2,74054
1,0,2,0,0,4,51444
1,0,1,0,0,5,256556
1,0,2,0,0,4,142139
0,0,1,1,0,5,65868
1,0,1,1,0,4,288797
2,0,1,0,1,3,152327
2,0,1,0,0,4,323129
1,0,1,0,0,5,265964
4,2,1,0,0,0,373760
2,0,2,0,0,3,106189
0,0,0,0,2,5,162605
0,0,1,2,0,4,251661
1,0,1,0,0,5,64975
2,0,1,0,0,4,125696
0,0,1,0,1,5,99708
1,0,1,0,0,5,49815
3,0,1,0,0,3,341561
2,0,1,0,0,4,91056
1,0,1,0,0,5,178110
1,0,1,0,0,5,181147
0,0,3,0,0,4,40566
1,0,2,0,0,4,249802
2,1,1,0,0,3,256853
1,0,2,0,0,4,253911
0,0,1,1,1,4,413914
1,0,1,0,0,5,168392
3,0,1,0,0,3,353665
2,0,0,0,1,4,311505
1,0,1,0,0,5,114294
1,0,2,1,0,3,209757
2,0,1,0,0,4,113778
0,1,0,2,1,3,166192
2,0,1,0,0,4,282237
2,1,1,0,0,3,84623
2,0,1,0,0,4,300429
0,2,1,0,0,4,160528
0,1,1,0,0,5,274842
2,0,1,0,0,4,404983
1,0,2,0,0,4,362292
1,0,1,0,0,5,72957
2,0,1,0,0,4,422125
2,2,1,0,0,2,366880
1,0,1,1,0,4,77275
1,1,1,0,0,4,379914
0,2,1,0,0,4,75900
1,1,1,0,0,4,162494
1,0,1,0,0,5,126573
1,0,1,0,0,5,262719
0,1,1,0,0,5,91243
1,1,1,1,0,3,79903
1,0,1,0,0,5,156343
1,0,1,0,0,5,373955
1,0,1,0,0,5,47775
2,1,1,0,0,3,241319
1,0,1,0,0,5,34109
0,1,1,0,0,5,131221
0,0,3,0,0,4,195050
1,0,2,0,0,4,409458
1,0,1,0,0,5,200084
3,0,1,0,0,3,284075
2,0,1,0,0,4,318356
1,1,1,0,0,4,252919
2,0,1,0,0,4,335684
0,1,1,0,0,5,354367
1,0,1,0,0,5,300984
0,0,0,0,3,4,42188
1,0,0,3,1,2,394261
2,0,0,0,1,4,647
1,0,1,0,0,5,61364
2,1,1,0,0,3,95397
2,0,1,0,0,4,165530
2,0,1,0,0,4,328027
1,0,1,0,1,4,39939
1,0,0,1,1,4,242765
0,1,2,1,0,3,347203
4,0,1,0,0,2,174491
2,0,1,0,0,4,48915
0,0,1,4,0,2,192077
2,0,1,0,0,4,20021
2,0,1,0,0,4,300282
1,2,1,0,0,3,229
1,0,1,0,0,5,350622
1,0,0,0,1,5,102657
0,0,2,1,0,4,170992
4,1,1,0,0,1,12596
2,0,1,0,0,4,22528
2,0,1,0,0,4,76374
0,0,1,1,0,5,149996
3,0,1,0,0,3,187923
1,0,1,0,1,4,230241
2,0,1,0,0,4,376343
2,0,1,0,0,4,93253
1,1,1,0,0,4,202546
0,2,1,0,0,4,222370
1,2,1,0,0,3,285115
1,0,1,0,0,5,72707
2,0,1,0,0,4,36836
2,0,1,0,0,4,131903
1,0,1,0,0,5,274928
3,0,1,0,0,3,309571
0,2,1,0,0,4,142476
1,0,1,0,0,5,341522
2,0,1,0,0,4,292750
2,0,1,0,0,4,199201
0,0,1,3,0,3,153789
1,0,1,0,1,4,398668
2,0,2,0,0,3,289379
2,0,1,0,0,4,162577
0,0,0,0,2,5,314108
1,0,1,0,0,5,129806
2,0,1,0,0,4,405438
1,0,1,0,0,5,187773
2,0,0,0,1,4,30743
2,0,2,0,0,3,270438
1,1,1,0,0,4,40964
3,0,1,0,0,3,172816
1,0,3,0,0,3,144704
0,0,2,0,0,5,123495
1,0,1,0,0,5,15596
3,0,1,0,0,3,231471
3,0,1,0,0,3,391696
0,1,0,0,1,5,245243
2,1,1,0,0,3,405120
1,0,1,0,0,5,365350
0,0,1,0,1,5,253815
1,0,1,1,0,4,203917
1,0,2,0,0,4,167936
1,0,1,0,0,5,407514
0,0,1,2,0,4,276454
2,0,1,0,0,4,271877
0,0,3,0,0,4,64866
2,1,2,0,0,2,38373
2,0,0,0,1,4,274877
1,0,1,0,0,5,248113
3,0,2,0,0,2,243777
1,1,1,1,0,3,159264
4,0,1,0,0,2,54863
1,1,1,0,0,4,98043
0,4,1,1,0,1,158132
0,0,2,1,0,4,165309
0,0,1,2,1,3,398292
0,3,1,0,0,3,33114
1,0,1,0,0,5,343514
1,0,1,0,0,5,386585
2,0,1,0,0,4,219066
1,0,2,0,0,4,287766
1,0,0,0,1,5,167886
0,1,2,0,0,4,248239
3,0,0,0,1,3,76997
0,1,2,0,0,4,22116
0,0,3,0,0,4,351435
1,0,0,0,2,4,164804
2,1,1,0,0,3,384968
1,0,1,0,1,4,129827
0,0,1,3,0,3,411826
0,6,1,0,0,0,274847
3,0,2,0,0,2,371026
2,0,1,0,0,4,101690
1,0,1,0,0,5,393377
2,0,2,0,0,3,90915
0,2,1,0,0,4,331039
0,1,1,3,0,2,342370
2,0,1,1,0,3,285065
2,1,1,0,0,3,161880
1,0,1,0,0,5,276328
3,0,1,0,1,2,334559
2,0,1,0,0,4,12785
1,1,1,0,0,4,88505
1,0,1,0,0,5,263166
0,0,1,3,0,3,140044
0,0,1,2,0,4,216100
0,0,2,1,0,4,2993
2,0,1,0,0,4,209440
2,2,1,0,0,2,211400
1,1,1,0,0,4,339565
1,3,1,0,0,2,279683
2,0,2,0,0,3,205523
1,0,1,0,0,5,421993
1,0,1,0,0,5,362796
2,1,2,0,0,2,27956
2,0,1,0,0,4,119991
2,0,1,0,0,4,145351
1,1,1,0,0,4,287537
0,0,3,0,0,4,220329
1,2,1,0,0,3,382206
1,1,1,0,0,4,217401
3,1,1,0,0,2,423856
2,1,2,0,0,2,315108
3,1,1,0,0,2,98149
1,0,1,0,0,5,160086
2,1,1,1,0,2,13629
1,1,1,1,0,3,78152
1,0,1,0,0,5,270389
3,0,1,0,0,3,148199
4,0,1,0,0,2,104938
2,0,2,0,0,3,296098
1,0,0,0,1,5,289008
1,1,0,1,1,3,67326
2,0,1,0,0,4,269625
2,0,1,0,0,4,99299
0,1,1,0,0,5,200411
1,0,1,0,1,4,63457
0,1,1,0,0,5,399353
1,0,1,0,0,5,177127
1,0,2,0,0,4,189051
2,1,1,0,0,3,397966
2,0,1,0,0,4,420125
2,0,1,0,0,4,125346
1,0,1,0,0,5,154262
0,0,1,0,2,4,194478
1,0,1,0,0,5,94749
2,0,1,0,0,4,322838
0,0,0,1,1,5,36015
0,0,2,0,0,5,41867
0,1,1,0,1,4,210436
0,0,1,1,0,5,98371
2,0,1,0,0,4,403161
1,0,1,0,0,5,295147
1,0,0,0,1,5,106977
1,0,1,0,0,5,226066
1,0,1,0,0,5,309854
0,0,2,0,0,5,148735
1,0,1,2,0,3,365415
1,0,1,0,0,5,411030
0,0,1,1,0,5,227961
0,2,1,2,0,2,274520
1,0,1,0,0,5,22926
1,0,1,0,0,5,268493
0,0,0,1,1,5,249722
0,0,1,1,0,5,392350
4,0,1,0,0,2,238748
1,0,1,0,0,5,14029
1,1,1,0,0,4,42282
1,0,1,0,0,5,400251
1,1,1,0,0,4,48904
1,0,2,0,0,4,351650
1,0,1,0,0,5,294609
0,1,1,0,0,5,177914
2,0,1,0,0,4,232458
2,0,1,0,0,4,413248
1,2,1,0,0,3,142617
2,0,1,0,0,4,112759
0,3,1,0,0,3,20257
3,0,1,0,0,3,175188
1,0,1,0,0,5,308806
1,0,1,0,0,5,5367
1,0,2,0,0,4,74722
1,0,1,0,0,5,176294
2,0,1,1,0,3,240122
1,0,0,1,1,4,352904
1,0,1,1,0,4,410013
1,1,0,0,1,4,200482
2,0,1,0,0,4,59725
2,0,1,0,0,4,265400
0,0,0,2,1,4,261185
0,1,1,0,0,5,336054
1,0,2,0,0,4,312517
1,0,2,0,0,4,34105
1,0,3,0,0,3,370624
0,2,1,0,0,4,410714
0,0,1,0,1,5,288539
0,1,1,0,0,5,246286
1,2,1,0,0,3,258722
1,0,1,0,0,5,298771
0,3,0,1,1,2,354867
1,2,1,0,0,3,37253
1,0,1,0,0,5,81863
3,0,1,0,0,3,214731
1,0,1,0,0,5,30199
1,0,1,0,0,5,88760
2,0,1,0,0,4,157306
1,1,1,0,0,4,102801
0,0,1,0,1,5,374872
1,0,1,0,0,5,165043
1,1,1,0,1,3,209709
1,0,1,0,0,5,49208
2,0,1,0,0,4,12978
3,0,1,0,0,3,303366
2,0,1,0,0,4,160423
1,0,2,0,0,4,104887
1,0,2,0,0,4,385136
1,0,1,0,0,5,281359
2,0,1,0,0,4,71925
1,0,1,0,0,5,385787
2,0,1,0,0,4,57351
1,0,1,0,0,5,281760
2,0,1,0,0,4,374480
0,0,2,0,1,4,145969
1,1,1,0,0,4,61277
1,1,1,0,0,4,423750
1,0,1,0,0,5,271620
0,2,1,0,0,4,295698
1,0,1,0,0,5,104302
0,1,1,0,0,5,321121
2,0,1,0,0,4,314219
0,0,2,0,0,5,291214
1,1,1,1,0,3,17875
1,0,1,0,0,5,17261
1,0,1,0,0,5,186932
0,0,1,1,0,5,225036
3,0,1,0,0,3,363534
2,0,1,0,0,4,314856
1,0,1,0,0,5,353188
2,0,1,0,0,4,386561
0,3,1,0,0,3,118630
1,2,1,0,0,3,191946
1,2,1,0,0,3,209810
0,0,1,1,0,5,41670
2,1,1,0,0,3,66942
2,0,1,0,0,4,258147
1,0,1,0,0,5,190
1,3,1,0,0,2,221234
1,0,1,2,0,3,264020
1,0,2,0,1,3,41418
3,0,1,0,0,3,35253
2,0,1,0,0,4,24474
1,1,1,0,0,4,338452
1,1,1,0,0,4,260221
2,0,1,0,0,4,243705
1,0,2,0,0,4,209495
2,0,1,0,0,4,352662
2,0,1,0,0,4,98128
1,0,1,0,0,5,116271
2,1,1,0,0,3,188783
3,0,1,0,0,3,342242
1,0,1,0,0,5,22228
3,1,1,0,0,2,401227
0,0,2,1,0,4,6348
0,2,1,0,0,4,417918
2,0,1,0,0,4,344635
1,0,0,0,1,5,60144
1,0,2,0,0,4,422550
1,0,0,0,1,5,66338
1,2,1,0,0,3,63915
1,1,3,0,0,2,217507
2,0,1,0,0,4,345523
0,1,1,1,0,4,114045
0,1,2,0,0,4,38055
1,0,1,0,0,5,235645
1,0,1,0,0,5,289647
2,1,0,0,1,3,340383
0,0,2,0,0,5,259085
1,0,1,0,0,5,173229
0,0,1,2,2,2,19017
3,0,1,0,0,3,38858
2,0,1,0,0,4,402473
1,0,1,2,0,3,390717
0,3,1,0,0,3,205732
2,0,1,0,0,4,252112
1,2,1,0,0,3,30737
0,0,2,0,0,5,5796
1,0,1,0,0,5,380117
3,0,1,0,0,3,198181
1,0,1,0,0,5,252874
1,3,1,0,0,2,97810
0,2,1,0,0,4,15701
0,0,1,2,0,4,148635
0,0,2,0,0,5,240657
1,1,1,0,0,4,156683
2,0,1,0,0,4,77395
3,0,1,0,0,3,398669
1,1,1,0,0,4,193568
1,0,1,0,0,5,33198
2,0,1,0,0,4,169986
1,0,1,0,0,5,50052
0,1,1,0,0,5,365701
2,0,1,0,0,4,231547
2,0,1,0,0,4,398194
1,0,1,0,0,5,80885
1,0,1,0,0,5,368849
1,0,1,0,0,5,19139
1,0,2,0,0,4,41813
1,1,1,0,0,4,253393
2,0,1,0,0,4,296742
2,0,2,0,0,3,107450
0,0,1,2,0,4,58829
0,2,0,1,1,3,343989
2,1,1,0,0,3,368924
0,1,1,0,1,4,419116
2,1,1,0,0,3,38049
2,0,1,0,0,4,161693
1,2,1,0,0,3,231060
1,0,1,0,0,5,303052
1,0,2,0,0,4,258635
2,0,1,0,0,4,371855
2,0,1,0,0,4,231459
1,0,1,0,1,4,408947
2,0,1,0,0,4,240159
1,0,1,0,0,5,52595
1,0,1,0,0,5,196916
1,0,1,0,0,5,411551
0,0,2,0,0,5,179281
1,0,1,0,0,5,43248
1,0,1,0,0,5,156333
1,0,1,0,0,5,72788
1,1,2,0,0,3,203177
0,0,0,4,1,2,156894
1,0,1,0,0,5,105225
2,0,1,0,0,4,404459
3,0,1,0,0,3,145927
2,1,1,0,0,3,319323
1,0,1,0,0,5,48900
1,0,1,0,0,5,359856
1,0,1,0,0,5,395914
2,0,1,0,0,4,192024
0,1,1,0,0,5,231536
1,0,1,0,0,5,279617
2,0,1,0,0,4,21386
2,0,1,0,0,4,116002
2,0,1,0,0,4,100269
1,1,1,0,0,4,131319
0,2,1,0,0,4,147177
0,1,1,0,0,5,379091
0,2,1,2,0,2,406129
1,0,1,0,0,5,315703
1,0,2,0,0,4,146694
3,0,2,0,0,2,368265
2,0,1,0,0,4,291070
1,1,1,0,0,4,300465
2,0,2,0,0,3,222630
0,1,2,0,0,4,266415
1,0,1,0,0,5,247329
2,0,2,0,0,3,54979
0,0,1,0,1,5,197279
1,0,2,0,0,4,228944
0,2,2,0,0,3,242244
3,0,1,0,0,3,303370
3,0,1,0,0,3,38062
1,0,1,0,0,5,373088
1,0,1,0,0,5,66804
2,0,1,0,0,4,386887
1,0,1,0,0,5,283566
1,0,1,0,0,5,134355
2,0,1,0,0,4,146278
1,2,1,0,0,3,213489
2,0,1,0,0,4,333874
1,0,2,0,0,4,72912
1,0,1,0,0,5,305264
1,0,1,0,0,5,107932
1,0,1,0,0,5,101263
0,1,1,0,0,5,107012
3,0,1,0,0,3,107349
1,0,1,0,0,5,392782
1,0,1,1,1,3,422039
1,0,1,0,0,5,356149
1,1,1,0,0,4,346516
2,1,1,0,0,3,50774
1,0,1,0,0,5,155122
2,0,1,0,0,4,237740
2,0,1,0,0,4,118775
1,0,1,0,0,5,5750
0,0,2,0,0,5,250168
1,1,1,0,0,4,337465
0,2,1,0,0,4,378142
3,0,1,0,0,3,93807
1,0,1,0,0,5,397442
3,0,1,0,0,3,393943
0,1,2,0,0,4,296888
3,0,0,0,1,3,354813
2,2,1,0,0,2,341269
1,1,1,0,0,4,336128
1,2,1,0,0,3,423458
1,0,1,0,0,5,337188
1,0,1,0,0,5,258469
1,0,1,0,0,5,220387
1,0,2,0,0,4,274135
1,1,1,0,0,4,364429
2,1,1,0,0,3,34264
2,0,1,0,0,4,2209
0,2,1,2,0,2,253717
0,0,3,0,0,4,121262
0,0,2,0,2,3,198394
0,2,1,0,0,4,393534
1,0,2,0,0,4,106541
1,1,0,0,1,4,126502
0,2,1,0,0,4,267713
3,0,1,0,0,3,224155
3,0,1,1,0,2,160779
1,0,1,0,0,5,142904
1,1,1,0,0,4,187323
2,0,1,0,0,4,51907
2,0,1,0,0,4,234860
1,0,1,0,0,5,364481
1,3,1,0,0,2,239717
1,0,1,0,0,5,170755
1,2,1,0,0,3,285028
2,0,1,0,0,4,401486
1,0,1,0,0,5,369782
1,0,1,0,0,5,411332
3,0,1,0,0,3,270336
2,1,0,0,1,3,181741
0,0,2,0,0,5,83725
1,0,0,0,1,5,92164
2,0,1,0,0,4,275164
2,0,1,0,0,4,219381
0,1,1,3,0,2,53564
0,0,1,1,0,5,352770
0,0,2,0,0,5,12166
3,0,1,0,0,3,14767
1,1,1,0,0,4,112340
1,0,1,0,0,5,346829
2,0,1,0,0,4,141729
1,0,1,0,0,5,231186
2,0,1,0,0,4,302664
1,0,1,0,0,5,206559
3,0,1,0,0,3,345013
1,0,0,1,2,3,388121
1,1,1,0,0,4,238841
1,1,1,0,0,4,164267
2,0,1,0,0,4,148567
0,0,1,1,0,5,65607
1,1,0,0,1,4,419246
0,1,1,0,1,4,190056
4,0,1,0,0,2,40135
1,0,1,0,0,5,30083
1,0,2,0,0,4,106067
1,0,1,0,0,5,303993
1,0,1,0,0,5,254630
2,0,1,0,0,4,49459
0,1,1,0,0,5,230193
1,0,1,2,0,3,156454
0,1,1,1,0,4,44371
0,0,0,1,2,4,344808
0,0,0,2,1,4,174203
1,0,1,0,0,5,132467
1,1,0,1,1,3,171910
1,0,1,1,0,4,313045
0,0,2,0,0,5,79521
2,1,1,0,0,3,110747
0,0,1,0,1,5,24515
3,0,1,0,0,3,36434
1,2,1,0,0,3,98971
1,1,1,0,0,4,354938
1,0,1,0,0,5,353295
0,2,1,0,0,4,133629
1,0,1,0,0,5,11365
1,0,1,0,0,5,164254
3,0,1,0,0,3,28498
0,0,0,0,2,5,52908
1,0,0,0,1,5,102232
1,0,1,0,0,5,57642
1,0,1,0,0,5,276669
0,0,2,0,0,5,389626
0,1,1,0,0,5,422389
2,0,1,0,0,4,326169
0,0,0,0,2,5,354531
1,0,1,0,0,5,346979
2,0,1,0,0,4,104894
1,0,1,0,0,5,29592
0,0,1,2,0,4,344203
1,0,1,0,0,5,178179
1,0,1,0,0,5,285542
0,1,1,0,0,5,416852
2,0,1,0,0,4,21763
2,0,1,0,0,4,44909
1,0,1,0,0,5,352775
4,0,1,0,0,2,241092
1,0,1,0,0,5,325713
1,0,1,0,0,5,137086
1,0,1,0,0,5,30727
1,2,1,0,0,3,1452
1,1,1,0,0,4,266381
1,0,1,0,0,5,34755
2,1,1,0,0,3,100372
0,0,0,0,2,5,47329
2,0,1,0,0,4,260785
2,0,1,0,0,4,161078
1,1,1,0,0,4,64446
1,0,0,0,1,5,389410
2,0,1,0,0,4,279819
1,0,1,0,0,5,89312
0,0,0,3,2,2,399709
2,0,1,0,0,4,165709
0,2,1,1,0,3,32053
4,0,1,0,0,2,199414
3,0,1,0,1,2,219207
0,1,2,0,0,4,251617
2,0,1,0,0,4,277132
2,0,1,0,0,4,48686
1,0,1,1,0,4,265791
3,0,1,0,0,3,417383
1,0,1,0,0,5,164407
1,1,1,0,0,4,391472
0,1,2,0,0,4,71787
1,1,1,0,0,4,151256
1,0,2,0,0,4,103949
2,0,1,0,0,4,136053
1,0,2,0,0,4,58866
3,0,1,0,0,3,179785
1,0,1,0,0,5,222442
2,0,1,0,0,4,169325
1,0,2,0,0,4,275235
0,0,1,1,0,5,115236
1,0,1,0,0,5,117049
1,0,1,0,0,5,297647
1,0,1,0,0,5,392229
2,0,1,0,0,4,140711
1,1,0,0,1,4,239121
1,1,2,1,0,2,238058
2,0,1,0,0,4,132948
1,0,1,0,0,5,45397
0,0,1,1,0,5,123122
1,0,1,0,0,5,230567
1,0,1,0,0,5,127420
0,2,1,0,0,4,51412
1,0,1,0,0,5,317501
1,1,0,0,1,4,25931
3,0,1,0,0,3,129374
2,0,1,0,0,4,185639
0,1,1,0,0,5,208950
1,0,1,0,0,5,324748
0,0,0,3,1,3,307260
2,1,1,0,0,3,250688
1,0,0,0,1,5,363749
1,0,2,0,0,4,341923
0,0,0,2,2,3,141237
2,0,1,0,0,4,287362
1,0,1,0,0,5,221563
1,0,1,0,0,5,95454
1,0,1,0,0,5,61948
2,0,1,0,0,4,322241
0,1,1,0,0,5,366595
1,0,1,0,0,5,89433
0,1,1,1,0,4,30160
1,0,1,0,1,4,36719
1,0,1,1,0,4,295274
1,0,1,0,0,5,129968
4,0,1,0,0,2,299955
2,1,1,0,0,3,119494
2,0,1,0,0,4,179734
2,1,1,1,0,2,141200
3,0,1,0,0,3,225407
0,0,1,1,0,5,76385
1,0,1,0,0,5,102317
2,0,1,0,0,4,239662
2,0,1,1,0,3,244223
0,1,1,3,0,2,304741
1,2,1,0,0,3,421100
0,0,1,1,0,5,178193
0,1,2,1,0,3,355592
0,0,1,1,2,3,63411
0,0,1,3,0,3,299431
4,0,1,0,0,2,358811
0,0,2,0,0,5,9804
3,0,1,0,0,3,135270
0,1,1,3,0,2,124465
1,0,1,0,0,5,300667
1,0,1,1,0,4,361041
1,0,1,0,0,5,297186
1,0,1,0,0,5,260368
3,0,1,0,0,3,308280
2,0,1,0,0,4,289991
0,0,0,3,1,3,366411
1,0,1,0,0,5,147717
2,0,1,0,0,4,345362
1,0,1,0,0,5,246217
2,1,1,0,0,3,12525
3,0,1,0,0,3,67522
1,0,1,0,0,5,120161
0,0,2,1,0,4,250694
3,0,1,0,0,3,383796
1,0,1,0,0,5,164662
2,0,1,0,0,4,79649
1,0,1,0,0,5,400802
1,0,2,0,0,4,89123
1,0,1,0,0,5,356633
2,0,1,0,0,4,100491
0,0,0,2,1,4,103670
0,1,1,0,0,5,6989
0,1,1,0,1,4,355900
0,0,2,0,0,5,126668
1,0,2,0,0,4,336588
1,0,1,1,1,3,204150
1,0,1,0,0,5,356229
1,0,1,0,0,5,407375
0,1,1,0,0,5,9435
1,1,1,0,0,4,135854
1,0,2,0,0,4,302682
1,0,1,2,0,3,72235
1,0,1,0,0,5,126627
1,1,0,0,1,4,340264
0,0,2,0,0,5,289168
1,0,1,0,0,5,314808
2,0,1,0,0,4,78607
1,0,1,0,0,5,269269
1,0,1,0,0,5,320770
1,2,1,0,0,3,249964
0,1,1,1,0,4,419277
0,1,1,0,0,5,310085
3,0,1,0,0,3,245952
2,0,0,1,1,3,277839
0,3,1,0,0,3,404747
1,1,1,0,0,4,253807
1,0,1,0,0,5,108018
1,0,1,0,0,5,237035
1,0,1,0,0,5,162561
0,0,0,1,1,5,45925
4,0,1,0,0,2,409029
1,1,1,0,0,4,185080
2,0,1,0,0,4,337921
1,0,1,0,0,5,110918
1,0,1,0,0,5,190608
0,0,1,0,1,5,414881
0,0,2,0,0,5,221923
0,1,0,3,1,2,206691
1,0,1,0,1,4,227967
1,1,1,1,0,3,64799
1,0,2,0,0,4,90048
1,1,1,0,0,4,295897
1,0,1,0,0,5,225098
1,1,1,0,0,4,323390
0,1,0,0,1,5,325049
1,0,0,0,1,5,142016
1,2,1,0,0,3,9403
1,0,0,0,1,5,25949
0,0,2,0,0,5,86302
0,0,2,0,0,5,156548
0,1,1,0,0,5,153999
1,2,1,0,0,3,16386
0,1,1,0,0,5,263830
2,2,1,0,0,2,265575
1,0,1,0,0,5,190174
0,3,1,0,0,3,353530
3,0,1,0,0,3,419075
0,1,1,0,0,5,300797
1,1,1,0,0,4,349891
0,2,1,0,0,4,125930
0,0,1,0,1,5,340952
1,0,1,0,0,5,94498
1,0,1,0,0,5,289952
1,0,1,0,0,5,100625
0,0,0,2,1,4,366438
1,0,2,0,0,4,359307
1,0,0,0,1,5,158873
1,1,1,0,0,4,299611
1,0,1,0,0,5,208320
2,1,1,0,0,3,85488
1,0,1,0,0,5,129066
0,1,1,0,0,5,165655
1,0,1,0,0,5,264877
0,0,1,1,0,5,81517
3,0,0,0,1,3,76838
0,1,1,0,0,5,45921
1,0,1,0,0,5,419153
1,1,1,0,0,4,268025
1,0,1,0,0,5,420901
1,0,1,0,1,4,58634
1,0,1,0,0,5,66538
2,1,1,0,0,3,17478
2,0,2,0,0,3,124983
2,0,1,0,0,4,367358
2,0,1,0,0,4,377959
0,0,2,0,0,5,348883
1,0,1,0,0,5,119173
3,0,1,0,0,3,321772
2,0,1,0,0,4,151552
0,1,1,0,1,4,76994
1,0,2,0,0,4,50945
1,0,1,1,0,4,104729
1,0,2,0,0,4,112948
1,0,1,0,0,5,5801
0,0,2,0,0,5,380738
1,0,1,0,0,5,211542
1,0,1,0,0,5,75021
2,0,1,0,0,4,423571
1,0,1,0,0,5,407547
0,0,2,0,0,5,170044
1,0,0,1,1,4,313655
2,1,0,0,1,3,78045
1,0,1,0,0,5,303224
1,0,1,0,0,5,139310
3,0,2,0,0,2,389402
1,0,1,0,0,5,283911
1,0,2,0,0,4,193151
1,1,0,0,1,4,211945
0,1,1,1,1,3,179527
1,0,3,0,0,3,29799
0,2,1,1,0,3,110136
1,0,1,0,0,5,382004
0,2,1,0,0,4,134490
1,0,2,0,0,4,209595
1,0,1,0,0,5,125164
2,0,1,0,0,4,297505
1,0,1,0,0,5,382770
1,0,1,0,0,5,183224
1,0,1,0,1,4,286866
1,0,1,0,0,5,53391
3,0,1,0,0,3,280850
1,0,1,0,0,5,209885
1,0,0,0,1,5,116925
0,2,1,0,0,4,332385
1,0,1,0,0,5,98451
1,0,1,0,0,5,302500
1,0,1,1,0,4,16700
0,1,1,0,0,5,4713
1,0,1,0,0,5,359926
2,0,1,0,0,4,309148
1,0,1,1,0,4,269656
2,0,0,0,1,4,134071
1,0,1,0,0,5,295636
1,0,1,0,0,5,254432
0,1,1,0,0,5,376481
0,1,1,1,0,4,417008
1,0,1,0,0,5,209452
3,1,1,0,0,2,80334
1,1,1,0,0,4,339113
4,0,1,0,0,2,315307
1,0,1,0,0,5,208618
1,2,1,0,0,3,91142
0,0,2,0,0,5,267301
1,1,1,0,0,4,166765
2,0,1,0,0,4,15259
1,0,1,0,0,5,13247
2,0,1,0,0,4,400603
0,0,1,2,0,4,346600
2,0,1,0,0,4,16031
1,0,1,0,0,5,357398
1,0,1,0,0,5,271046
2,0,1,0,1,3,123722
0,0,2,0,0,5,262155
1,1,1,0,0,4,317348
2,0,1,0,0,4,109274
0,0,2,0,0,5,101738
1,0,1,0,0,5,48771
2,0,1,0,0,4,8886
3,0,1,0,0,3,114124
1,0,1,0,0,5,306504
1,0,1,0,0,5,374827
1,0,1,0,0,5,347832
1,1,1,0,0,4,201175
1,1,1,0,0,4,112298
2,0,1,0,0,4,379125
1,0,1,0,0,5,201298
1,1,1,0,0,4,57715
2,0,1,0,0,4,140421
1,0,1,1,0,4,3030
1,0,1,0,0,5,394672
0,1,1,0,0,5,350948
1,0,1,0,0,5,277512
0,0,2,0,0,5,15820
1,0,1,0,0,5,165547
0,0,1,2,0,4,119804
0,0,0,0,2,5,48809
3,0,1,0,0,3,75721
2,1,1,0,0,3,1215
0,0,2,0,0,5,76817
1,0,1,0,0,5,325826
0,0,0,1,1,5,126441
1,0,1,0,0,5,151900
1,0,1,1,0,4,202008
1,0,1,0,0,5,157389
2,0,1,0,0,4,412653
0,1,1,0,0,5,60912
1,0,0,1,1,4,92234
0,3,2,0,0,2,59704
1,0,1,0,0,5,143691
0,0,2,0,0,5,61156
1,0,1,0,0,5,253404
1,0,1,0,0,5,185815
0,1,1,0,0,5,212473
2,0,1,0,0,4,329145
1,0,1,1,0,4,23444
1,1,1,0,0,4,59760
1,0,2,0,0,4,38887
0,0,2,0,0,5,225167
1,0,1,0,0,5,55667
0,0,3,0,0,4,343444
1,0,1,0,0,5,147493
1,0,2,0,0,4,376410
1,0,2,0,0,4,316498
1,1,0,0,1,4,141807
1,0,1,0,0,5,294984
1,0,1,0,0,5,400283
1,0,1,0,0,5,4286
2,0,1,0,0,4,133410
0,0,1,0,1,5,305332
0,1,2,0,0,4,237334
0,1,1,0,0,5,141013
1,0,1,0,0,5,120814
0,0,1,2,1,3,284139
1,1,1,0,0,4,243754
2,0,1,0,0,4,198890
2,0,1,0,0,4,73357
1,0,1,0,0,5,204050
0,0,1,2,0,4,66124
0,1,1,0,0,5,157342
0,1,1,0,0,5,227454
1,0,1,0,0,5,365183
2,0,1,0,0,4,139640
1,1,1,0,0,4,190999
1,0,1,0,0,5,187855
1,0,1,0,0,5,319888
1,0,1,0,0,5,225786
0,0,0,2,1,4,378677
0,0,2,0,0,5,16863
1,0,1,0,0,5,197476
2,0,1,0,0,4,30348
2,0,1,0,0,4,22079
3,0,1,0,0,3,375762
0,2,1,1,0,3,191543
0,0,1,0,1,5,298746
3,0,1,0,0,3,225901
0,0,2,0,1,4,391519
2,0,1,0,0,4,260642
1,0,0,0,1,5,324753
1,0,0,1,1,4,316211
2,0,1,0,0,4,280041
1,1,1,0,0,4,346198
0,0,2,0,0,5,272258
0,1,1,0,0,5,316095
0,1,1,0,0,5,217592
1,0,2,0,0,4,216852
1,0,2,0,0,4,393246
2,0,1,0,0,4,283469
1,0,1,0,0,5,81809
1,0,1,0,0,5,406330
1,0,2,0,0,4,311800
2,0,1,0,0,4,131859
1,0,1,0,0,5,276742
2,0,2,0,0,3,74584
1,0,1,0,0,5,281174
1,0,1,0,0,5,163742
2,0,1,0,0,4,263761
2,0,1,0,0,4,149836
1,0,1,0,0,5,317665
0,1,2,0,0,4,299644
1,0,1,0,0,5,419000
1,0,0,0,1,5,50726
0,1,1,0,0,5,348639
0,1,1,0,0,5,82735
1,0,0,0,1,5,314993
0,0,1,1,1,4,50143
1,0,1,0,0,5,262329
1,0,1,0,0,5,72353
0,1,1,0,0,5,259576
2,0,1,0,0,4,360992
0,0,1,1,0,5,319959
0,0,0,0,2,5,423322
1,0,1,0,0,5,283640
1,0,1,0,0,5,333413
2,0,1,0,0,4,178635
1,0,2,0,0,4,130475
1,0,1,0,0,5,160231
1,0,1,0,0,5,348666
1,0,1,0,0,5,421721
1,0,1,0,0,5,361467
0,2,2,0,0,3,64816
1,1,1,0,0,4,265308
1,0,1,0,0,5,319428
1,1,1,1,0,3,377454
2,0,1,0,1,3,30734
1,0,1,0,0,5,304025
0,0,2,0,0,5,201575
0,3,1,0,0,3,349430
1,0,0,0,2,4,143822
1,1,1,0,0,4,139526
1,0,1,0,0,5,172410
0,0,2,0,0,5,342840
1,0,1,0,0,5,66129
2,0,1,0,0,4,310198
1,0,2,0,0,4,408115
1,0,1,0,0,5,296283
1,0,1,0,0,5,192905
2,0,1,0,0,4,298550
0,0,2,0,0,5,234656
2,0,2,0,0,3,217491
1,0,1,0,0,5,345867
3,0,1,0,0,3,208414
1,0,1,0,0,5,279679
1,1,1,0,0,4,11248
1,0,1,1,0,4,250543
1,0,1,0,0,5,125187
1,0,1,0,1,4,121985
1,0,1,0,0,5,162690
0,0,0,2,1,4,266342
0,1,2,0,0,4,418610
1,0,1,0,0,5,9757
3,0,1,0,0,3,303056
1,0,2,0,0,4,382846
1,0,1,0,0,5,137277
1,0,2,0,0,4,145516
2,0,1,0,0,4,236840
0,1,2,1,0,3,14519
1,0,0,0,1,5,76320
1,0,1,0,0,5,55255
1,0,1,0,0,5,374122
1,0,1,0,0,5,192080
2,0,1,0,0,4,245767
1,0,1,0,0,5,315250
1,1,1,0,0,4,368242
0,2,1,1,0,3,80949
1,0,2,0,0,4,115631
3,0,1,0,0,3,391199
0,0,4,0,0,3,332578
1,2,1,0,0,3,213084
1,0,1,0,0,5,296668
0,0,0,1,1,5,419449
1,0,1,0,0,5,16263
0,0,0,2,1,4,198307
1,0,1,0,0,5,368542
1,0,1,0,0,5,269201
2,0,1,0,0,4,33155
0,1,1,0,0,5,307720
2,0,1,0,0,4,17277
2,0,1,0,0,4,237200
1,1,1,0,0,4,267636
1,0,1,1,1,3,336595
3,0,1,0,0,3,20099
2,0,1,0,0,4,300374
0,0,0,2,1,4,136854
1,1,1,0,0,4,180593
1,1,1,0,0,4,354110
1,1,1,0,0,4,207258
1,1,1,0,0,4,244466
1,1,1,0,0,4,148146
1,0,1,0,0,5,342185
0,0,1,1,0,5,422399
1,1,1,0,0,4,389246
2,0,1,0,0,4,245043
1,0,1,0,0,5,215767
1,0,1,0,0,5,337424
1,0,1,0,0,5,310722
1,0,1,0,1,4,398080
1,0,1,2,0,3,280635
0,1,1,1,0,4,171297
1,0,1,0,0,5,156428
0,1,1,0,0,5,91839
1,0,1,0,0,5,62729
0,0,2,0,0,5,156107
0,0,1,1,0,5,20045
1,0,1,0,0,5,183175
0,2,1,0,0,4,2331
1,0,1,0,0,5,137540
2,0,1,0,0,4,83975
1,0,2,0,0,4,174617
2,1,1,0,0,3,112189
2,0,1,0,0,4,76962
1,0,1,0,0,5,278466
1,0,1,0,0,5,43112
2,0,1,0,0,4,233330
1,0,1,0,0,5,74994
0,2,1,0,0,4,166749
1,0,1,0,0,5,239689
1,0,1,0,0,5,343391
1,0,1,0,0,5,263887
0,0,1,2,0,4,411428
2,0,1,0,0,4,392881
1,1,1,0,0,4,138979
1,0,0,0,1,5,102303
1,0,0,0,1,5,421483
0,2,1,0,0,4,329572
1,0,1,0,0,5,98017
1,0,2,0,0,4,176753
0,0,0,1,1,5,20151
1,0,1,0,0,5,100435
0,0,1,0,1,5,309154
0,1,1,1,0,4,168990
2,0,1,0,0,4,161770
1,1,1,0,0,4,207929
1,0,1,0,0,5,229117
1,0,1,0,0,5,217171
0,0,0,1,1,5,395013
0,0,1,1,0,5,133845
1,0,1,0,0,5,375999
1,0,1,0,0,5,320329
0,0,2,0,0,5,182160
0,1,1,0,0,5,9340
1,0,1,0,0,5,233293
1,0,1,1,0,4,123249
1,0,1,1,0,4,268342
1,1,1,0,0,4,13764
0,2,1,0,0,4,156185
2,0,1,0,0,4,423665
1,0,1,0,0,5,241207
2,0,1,0,0,4,117235
0,0,0,1,1,5,68981
1,0,1,0,0,5,289599
3,0,1,0,0,3,264844
1,0,1,0,0,5,70736
1,0,1,0,0,5,157960
0,0,1,0,1,5,418867
1,0,1,0,0,5,190692
0,0,1,0,1,5,51053
2,0,1,0,0,4,141257
1,1,1,0,0,4,58393
0,0,2,1,0,4,157706
2,1,1,0,0,3,24589
2,0,1,0,0,4,37158
2,0,1,0,0,4,348234
0,1,1,1,0,4,86657
2,0,1,0,0,4,45521
1,1,2,0,0,3,72794
1,0,1,0,0,5,238470
0,2,1,0,0,4,210545
2,0,2,0,0,3,147804
1,0,1,0,0,5,70832
0,0,1,1,0,5,363042
1,0,1,0,0,5,244615
1,0,1,0,0,5,151583
2,0,1,0,0,4,183222
1,0,1,0,0,5,406777
1,0,1,0,0,5,60645
0,1,2,0,0,4,59513
1,1,0,0,1,4,136871
0,1,1,0,0,5,129973
2,0,1,0,0,4,185241
2,0,1,0,0,4,175121
0,1,1,0,0,5,299864
0,0,2,0,0,5,199145
2,0,1,0,0,4,39148
2,0,1,0,0,4,113102
0,1,1,1,0,4,411264
3,0,1,0,0,3,39620
2,0,1,0,0,4,210932
1,1,1,0,0,4,154141
1,0,1,0,0,5,375800
2,1,1,0,0,3,228446
2,0,1,0,0,4,14264
2,0,1,0,0,4,205255
1,0,1,0,0,5,295453
1,0,1,0,0,5,2272
2,0,1,0,0,4,204936
1,0,1,0,0,5,128710
3,0,1,0,0,3,286047
1,0,1,0,0,5,293889
0,0,2,0,0,5,354857
1,0,1,0,0,5,244113
1,0,1,0,0,5,352408
1,0,1,0,0,5,50669
1,0,1,0,0,5,181857
1,1,2,0,0,3,101042
3,0,1,0,0,3,414597
2,0,1,0,0,4,316575
1,0,1,0,0,5,400515
0,0,0,1,1,5,343513
0,0,2,1,0,4,18756
0,0,1,1,0,5,390839
1,0,1,0,0,5,22653
1,0,1,0,0,5,117016
1,0,0,0,1,5,406680
2,0,1,0,0,4,224156
2,0,1,0,0,4,99413
1,0,1,0,0,5,18379
1,0,0,1,1,4,242862
1,0,1,0,0,5,185914
1,0,1,0,0,5,297382
0,2,1,0,1,3,167683
1,1,1,0,0,4,84600
3,0,1,0,0,3,288013
0,2,1,0,0,4,280947
1,0,1,0,0,5,338529
0,1,0,1,1,4,172497
2,0,1,0,0,4,201665
0,0,1,0,1,5,25019
1,0,1,1,0,4,241603
1,0,1,0,0,5,371013
1,1,1,0,0,4,290267
0,0,0,2,2,3,131353
2,0,1,0,0,4,68139
2,0,1,0,0,4,153436
1,0,1,0,0,5,393929
2,0,1,0,0,4,406374
0,0,0,2,1,4,264649
0,1,1,1,0,4,395291
0,0,1,1,0,5,197438
1,0,1,0,0,5,16844
0,0,2,1,0,4,5260
1,0,1,0,0,5,145263
0,0,2,0,0,5,96757
0,2,1,0,0,4,381341
1,0,1,0,0,5,303270
2,0,1,0,0,4,324244
1,0,1,0,0,5,264339
2,0,1,0,0,4,414932
2,0,1,0,0,4,94379
0,1,1,0,0,5,275358
2,0,0,1,1,3,405287
0,1,1,0,0,5,56191
1,0,1,0,0,5,354305
0,0,1,1,0,5,111001
2,0,1,0,0,4,2799
1,0,1,0,0,5,174207
1,2,0,0,1,3,418669
1,0,0,0,1,5,3599
1,1,1,0,0,4,237443
1,0,0,0,1,5,32618
0,1,1,0,0,5,178674
0,2,1,0,1,3,107207
0,0,0,1,1,5,396608
0,0,1,1,0,5,285228
1,0,1,1,0,4,141375
1,1,1,0,0,4,182259
1,0,1,0,0,5,348378
3,0,1,0,0,3,271805
0,1,1,1,0,4,322578
0,1,1,0,0,5,361552
1,0,0,0,1,5,61879
0,2,0,1,1,3,301756
0,0,2,0,0,5,374868
1,0,2,0,0,4,352320
1,0,1,0,0,5,205395
1,0,1,0,0,5,238027
1,0,1,0,0,5,44412
0,2,1,0,0,4,83157
0,0,2,0,0,5,39814
1,0,0,0,1,5,172717
1,0,1,1,0,4,358752
1,0,1,0,0,5,201619
1,0,2,0,0,4,203963
1,1,1,0,0,4,353702
1,0,1,0,0,5,119549
0,1,1,0,0,5,181733
2,0,0,0,1,4,210084
2,0,1,0,0,4,324571
1,0,1,0,0,5,259191
0,1,2,0,0,4,219253
2,0,1,0,0,4,105592
1,0,1,0,0,5,294358
0,1,2,0,0,4,282556
1,0,1,0,0,5,49724
1,0,1,0,0,5,19138
1,0,1,0,0,5,183808
1,0,0,0,1,5,121874
1,0,1,0,0,5,338321
1,0,1,0,0,5,345037
1,0,1,0,0,5,240880
1,0,1,0,0,5,304733
1,0,1,0,0,5,117021
1,0,1,0,0,5,406598
1,0,1,0,0,5,367273
1,0,1,0,0,5,204350
1,0,1,0,0,5,27797
2,1,1,0,0,3,166213
1,0,0,0,1,5,281556
0,2,1,1,0,3,333046
1,1,1,0,0,4,143227
0,1,1,0,0,5,309728
1,0,3,0,0,3,227987
1,1,1,0,0,4,152088
2,1,1,0,0,3,187848
1,0,1,0,0,5,72380
2,0,1,0,0,4,324120
1,0,1,0,0,5,70863
1,0,1,0,0,5,291821
3,0,1,0,0,3,396978
1,0,1,0,0,5,44135
1,0,1,0,0,5,389363
0,1,1,0,0,5,83594
2,0,2,0,0,3,284253
0,1,1,0,0,5,36427
0,0,2,0,0,5,168840
1,1,1,0,0,4,421799
1,0,1,0,0,5,295384
1,0,1,0,0,5,7754
1,0,1,0,0,5,341918
1,1,1,0,0,4,59438
1,0,1,0,0,5,225079
1,0,1,0,0,5,332638
1,1,1,0,0,4,60944
1,0,1,0,0,5,47806
1,0,1,0,0,5,404589
1,0,1,0,0,5,103142
0,1,1,0,0,5,136554
1,0,0,0,1,5,49172
0,0,2,0,0,5,139190
0,1,1,0,0,5,241041
0,1,1,0,0,5,58187
1,0,1,0,0,5,54731
1,0,1,0,0,5,101192
1,1,1,0,0,4,109814
1,2,1,0,0,3,246208
1,0,1,0,0,5,225994
2,0,1,0,0,4,255032
1,0,1,0,0,5,291453
1,0,1,0,0,5,316630
1,0,1,0,0,5,239416
0,1,1,0,0,5,251747
1,0,1,0,0,5,272998
2,0,1,0,0,4,9208
1,0,1,0,0,5,255677
2,0,1,0,0,4,249131
1,0,1,0,0,5,98297
3,0,1,0,0,3,236835
1,0,1,0,0,5,113830
1,0,1,0,0,5,402374
2,0,1,0,0,4,16661
0,0,0,2,1,4,67477
1,0,1,0,0,5,225034
0,1,1,0,0,5,318106
1,0,1,0,0,5,383245
2,0,0,0,1,4,220757
1,1,0,0,1,4,231139
2,0,1,0,0,4,208335
2,0,1,0,0,4,241663
1,0,1,0,0,5,263580
1,0,1,0,0,5,299905
1,0,1,0,0,5,159989
0,1,1,0,0,5,229265
3,0,1,0,0,3,246269
2,0,1,0,0,4,18304
1,0,1,0,0,5,269938
0,0,0,3,1,3,76665
2,1,1,0,0,3,321872
0,0,2,0,0,5,135843
1,0,1,0,0,5,217736
1,0,1,0,0,5,150716
0,1,2,0,0,4,15411
0,0,0,2,1,4,139386
1,0,1,0,0,5,205451
1,1,1,0,0,4,296882
1,0,2,0,0,4,43982
0,0,0,0,2,5,333222
1,0,1,0,0,5,21703
2,0,1,0,0,4,40654
1,0,1,0,0,5,258788
2,0,1,0,0,4,388938
0,0,0,0,3,4,61977
1,0,1,0,0,5,80833
3,0,1,0,0,3,372321
1,0,0,0,1,5,367376
1,0,1,0,0,5,381438
2,0,1,0,0,4,82248
2,0,2,0,0,3,393602
1,0,1,0,0,5,146363
0,1,1,0,0,5,226303
0,2,1,0,0,4,188558
1,1,1,0,0,4,21716
0,1,1,0,0,5,416561
0,1,1,0,0,5,127695
1,0,1,0,0,5,31009
2,0,1,0,0,4,333556
0,0,2,0,0,5,147229
1,2,1,0,0,3,229146
0,0,0,1,1,5,160153
1,2,1,0,0,3,356254
0,1,0,0,1,5,9169
2,0,1,0,0,4,97225
2,0,1,0,0,4,137682
1,0,0,0,1,5,281792
1,0,1,0,0,5,305254
1,0,1,0,0,5,200059
1,0,1,0,0,5,343787
1,0,1,1,0,4,322046
2,0,1,0,0,4,45059
0,2,1,0,0,4,389650
2,0,1,0,0,4,227526
2,0,1,0,0,4,1176
0,3,1,0,0,3,423991
1,1,1,0,0,4,58591
0,2,1,0,0,4,286097
1,0,1,0,0,5,145939
3,0,1,0,0,3,420271
1,0,1,0,0,5,39804
1,0,1,0,0,5,19204
2,0,1,0,0,4,154290
1,0,1,0,0,5,250164
2,0,1,0,0,4,261270
2,0,1,0,0,4,104204
2,0,1,0,0,4,325649
1,0,1,0,0,5,20520
1,0,1,0,0,5,151821
2,0,1,0,0,4,303536
1,0,1,0,0,5,414608
1,0,0,0,1,5,25097
1,0,1,0,0,5,62402
0,0,0,2,1,4,233322
0,2,1,0,0,4,318243
1,0,1,0,0,5,10410
1,0,1,0,0,5,52077
2,0,1,0,0,4,318067
1,0,1,0,0,5,99134
1,1,1,0,0,4,409312
1,0,1,0,0,5,417078
0,1,1,0,0,5,207211
0,0,2,0,0,5,299104
0,0,2,0,0,5,103734
0,1,0,0,2,4,288148
0,1,1,0,0,5,72249
0,1,1,0,0,5,29320
0,0,2,0,0,5,394236
1,0,1,0,0,5,32145
1,1,0,0,1,4,280061
2,0,1,0,0,4,266224
0,1,1,0,0,5,290598
2,0,1,0,0,4,391914
1,0,1,0,0,5,344614
0,1,1,0,0,5,175821
1,0,1,0,0,5,81602
1,0,1,0,0,5,377313
1,0,1,0,0,5,264124
0,1,1,1,0,4,3847
1,0,1,0,0,5,253687
2,0,1,0,0,4,319618
1,0,1,0,0,5,368744
1,0,1,0,0,5,420354
0,0,0,1,2,4,157003
1,0,1,0,0,5,208374
0,2,1,0,0,4,127793
0,0,1,1,0,5,86418
0,1,1,0,0,5,311944
0,1,1,0,0,5,83101
1,0,1,0,0,5,205931
2,0,1,0,0,4,187065
2,0,1,0,0,4,135837
1,0,1,0,0,5,32713
0,0,0,2,1,4,254254
1,1,1,0,0,4,409666
1,0,1,0,0,5,63723
1,0,0,0,1,5,385993
1,0,1,0,0,5,275370
1,0,1,0,0,5,265374
0,1,1,0,0,5,55299
1,0,0,0,1,5,286799
0,0,2,0,0,5,181312
0,0,0,0,2,5,262950
1,0,1,0,0,5,220147
2,0,1,0,0,4,180003
1,0,2,0,0,4,311966
1,0,1,0,0,5,353548
1,0,1,0,0,5,185336
0,1,0,0,1,5,229287
1,0,1,0,0,5,143677
0,0,1,1,0,5,95721
1,0,1,0,0,5,336797
1,0,1,0,0,5,268208
0,0,0,2,1,4,79710
2,0,1,0,0,4,168787
1,0,1,0,0,5,85317
2,0,1,0,0,4,141691
2,0,1,0,0,4,216247
1,0,1,0,0,5,18214
1,0,0,0,1,5,211855
1,0,1,0,0,5,27433
0,0,1,1,0,5,12675
1,0,1,0,0,5,307966
1,0,1,0,0,5,340950
1,0,1,0,0,5,93924
0,0,0,1,1,5,5542
1,0,0,0,1,5,277236
2,0,1,0,0,4,376365
0,1,1,0,0,5,305127
0,0,2,0,0,5,26615
0,2,1,0,0,4,373989
2,0,1,0,0,4,169078
2,0,0,0,1,4,314160
0,1,1,0,0,5,381629
1,1,1,0,0,4,160392
1,0,1,0,0,5,155681
1,0,1,0,0,5,28369
0,2,1,0,0,4,382505
2,0,1,0,0,4,116417
2,0,1,0,0,4,404296
1,0,1,0,0,5,54500
0,0,0,1,2,4,318749
1,0,1,0,0,5,51563
1,0,1,0,0,5,87034
0,1,1,0,0,5,49505
1,0,1,0,0,5,43573
0,0,2,0,0,5,61154
0,0,2,0,0,5,343728
0,0,0,1,1,5,79756
0,0,1,1,0,5,375660
1,0,1,0,0,5,63065
1,0,1,0,0,5,5278
2,0,1,0,0,4,46279
1,0,1,0,0,5,168067
1,1,1,0,0,4,47207
1,0,1,0,0,5,33447
1,0,1,0,0,5,38565
0,0,1,1,0,5,84555
2,0,1,0,0,4,354606
1,0,1,0,0,5,300208
0,1,1,0,0,5,281782
0,1,1,0,0,5,244420
1,1,0,0,1,4,341979
0,0,2,0,0,5,162096
0,1,0,0,1,5,211076
0,1,1,0,0,5,164416
1,0,1,0,0,5,310049
1,0,1,0,0,5,413635
0,0,1,1,0,5,124816
2,0,1,0,0,4,245873
1,0,1,0,0,5,151826
0,1,1,0,0,5,175302
0,1,1,0,0,5,184075
1,0,1,0,0,5,155084
2,0,1,0,0,4,57497
0,1,1,0,0,5,21117
0,0,0,1,1,5,52193
1,0,1,0,0,5,303487
1,0,1,0,0,5,278229
1,0,1,0,0,5,179364
2,0,1,0,0,4,208977
1,0,1,0,0,5,140094
0,0,2,0,0,5,313142
0,1,1,0,0,5,40729
1,0,1,0,0,5,31819
1,0,1,0,0,5,373407
0,0,0,2,1,4,50370
1,0,1,0,0,5,278510
0,0,1,1,0,5,274053
2,0,1,0,0,4,43374
2,0,1,0,0,4,39127
1,0,1,0,0,5,194892
1,0,1,0,0,5,133339
1,0,1,0,0,5,131852
1,0,1,0,0,5,398181
1,0,1,0,0,5,416920
2,0,1,0,0,4,211790
0,0,0,1,1,5,81659
1,1,1,0,0,4,212490
0,1,1,0,0,5,13799
1,0,2,0,0,4,381037
1,0,1,0,0,5,411502
0,0,0,2,1,4,156064
1,0,1,0,0,5,166873
1,1,1,0,0,4,63522
0,1,2,0,0,4,231747
2,0,1,0,0,4,122118
1,0,0,0,1,5,244857
1,0,1,0,0,5,213842
1,0,1,0,0,5,60918
2,0,1,0,0,4,334103
1,0,1,0,0,5,198615
1,0,1,0,0,5,99234
0,1,1,1,0,4,55188
0,0,1,0,1,5,184537
1,0,1,0,0,5,195816
0,1,1,0,0,5,385853
1,0,1,0,0,5,410642
1,0,1,0,0,5,185034
0,1,1,0,1,4,231324
1,0,1,1,0,4,147564
1,0,1,0,0,5,271790
2,0,1,0,0,4,96943
2,0,1,0,0,4,299198
1,0,1,0,0,5,299088
0,1,1,0,0,5,48528
1,0,1,0,0,5,234346
0,0,2,0,0,5,93117
1,0,1,0,0,5,285080
1,0,1,0,0,5,390233
1,0,1,0,0,5,245679
1,0,1,0,0,5,341127
0,0,2,0,0,5,410949
0,1,1,0,0,5,208800
1,0,1,0,0,5,391453
1,0,0,0,1,5,303684
1,0,1,0,0,5,368039
1,1,1,0,0,4,226784
0,1,0,1,1,4,158597
2,0,0,0,1,4,370640
1,0,1,0,0,5,125733
1,0,1,0,0,5,29083
1,1,1,0,0,4,229988
2,0,1,0,0,4,59186
1,0,1,0,0,5,412348
1,0,1,1,0,4,97117
0,1,1,1,0,4,121516
1,0,1,0,0,5,346840
1,0,1,0,0,5,343392
1,0,1,0,0,5,335069
1,0,1,0,0,5,225062
1,0,1,0,0,5,375069
0,1,1,0,0,5,246992
1,0,1,0,0,5,393227
0,1,1,0,0,5,218539
1,0,1,0,0,5,154585
1,0,1,0,0,5,262233
1,1,1,0,0,4,258190
2,0,1,0,0,4,292761
1,0,1,0,1,4,53176
0,0,1,1,0,5,105384
0,0,0,1,1,5,43460
1,0,1,0,0,5,24353
0,1,1,0,0,5,76469
1,0,0,0,1,5,211227
1,1,1,0,0,4,60256
2,0,1,0,0,4,311859
1,0,1,0,0,5,343773
1,0,1,0,0,5,7041
1,0,1,0,0,5,245754
1,0,1,0,0,5,292648
2,0,1,0,0,4,84312
2,0,1,0,0,4,175216
1,0,1,0,0,5,222171
1,0,1,0,0,5,353724
1,0,1,0,0,5,203937
1,0,1,0,0,5,401519
1,0,1,0,0,5,174204
0,2,1,0,0,4,129446
1,0,1,0,0,5,123911
0,0,2,0,0,5,252472
1,0,1,0,0,5,243588
1,0,1,0,0,5,372932
0,1,1,0,0,5,282704
1,0,1,0,0,5,409575
0,0,0,1,2,4,175184
0,1,1,0,0,5,373401
0,0,1,1,0,5,227151
2,0,1,0,0,4,353708
1,0,1,0,0,5,192171
0,1,1,0,0,5,248581
1,0,1,0,0,5,63624
1,0,1,0,0,5,43547
1,0,1,0,0,5,261745
0,0,2,0,0,5,38379
2,0,1,0,0,4,361560
1,0,1,0,0,5,67678
1,0,1,0,0,5,126130
1,0,1,0,0,5,193260
1,0,0,0,1,5,143481
0,1,1,0,0,5,189697
1,1,1,0,0,4,239327
1,0,1,0,0,5,304275
1,0,1,0,0,5,208370
0,1,1,0,0,5,394574
1,1,1,0,0,4,308731
1,0,1,0,0,5,318698
2,0,1,0,0,4,136305
1,0,1,0,0,5,203738
0,2,1,0,0,4,87744
0,0,1,2,0,4,253217
1,0,0,0,1,5,14995
0,1,1,0,0,5,317802
0,2,0,0,1,4,351785
1,0,1,0,0,5,65530
0,1,1,0,0,5,345149
0,0,1,1,0,5,393609
2,0,1,0,0,4,370463
1,1,1,0,0,4,118823
1,0,1,0,0,5,273785
0,0,2,1,0,4,325930
1,0,1,0,0,5,371278
1,0,0,0,1,5,355112
1,0,1,0,0,5,170759
0,1,2,0,0,4,37093
1,0,0,0,1,5,294149
2,0,1,0,0,4,325761
0,1,1,0,0,5,22865
1,0,1,0,0,5,210354
1,0,1,0,0,5,348002
1,0,1,0,0,5,6400
1,0,1,0,0,5,172283
2,0,1,0,0,4,174805
1,0,1,0,0,5,119623
1,0,1,0,0,5,376648
1,0,1,0,0,5,340142
1,0,1,0,0,5,328791
0,2,1,0,0,4,216635
1,0,1,0,0,5,22795
1,0,1,0,0,5,316899
1,1,1,0,0,4,359377
2,0,1,0,0,4,349684
0,2,0,0,1,4,189300
1,0,1,0,0,5,105280
1,0,2,0,0,4,4054
1,0,1,0,0,5,155963
0,0,0,1,1,5,36167
1,1,1,0,0,4,131680
1,0,1,0,0,5,283072
2,0,0,0,1,4,274744
1,0,0,0,1,5,362683
1,0,1,0,0,5,357209
1,0,1,0,0,5,417595
1,0,1,0,0,5,84731
1,0,0,0,1,5,182853
0,1,1,0,0,5,57435
1,0,1,0,0,5,147835
0,0,0,1,1,5,165890
2,0,1,0,0,4,966
1,0,1,0,0,5,242885
1,0,1,0,0,5,418401
1,0,0,0,1,5,155656
1,0,2,0,0,4,109476
1,0,1,0,0,5,203377
1,0,1,0,0,5,336387
1,0,1,0,0,5,39194
1,0,1,0,0,5,412991
0,0,1,1,0,5,266964
1,0,1,0,0,5,249962
0,1,2,0,0,4,251759
0,0,1,0,1,5,423642
1,0,1,0,0,5,312409
1,0,1,0,0,5,83721
0,0,2,0,0,5,400812
0,1,1,0,0,5,348864
0,2,1,0,0,4,7060
1,1,1,0,0,4,176342
0,0,2,0,0,5,154982
1,0,1,0,0,5,193285
0,1,1,0,0,5,22428
0,0,1,1,0,5,278899
1,1,1,0,0,4,319212
1,0,1,0,0,5,87545
1,0,0,0,1,5,284701
1,0,1,0,0,5,262407
0,1,1,0,0,5,417683
1,1,1,0,0,4,218253
1,0,1,0,0,5,337654
2,0,1,0,0,4,258575
1,0,1,0,0,5,160171
1,0,1,0,0,5,400200
1,0,1,0,0,5,114159
1,0,1,0,0,5,56970
1,0,1,0,0,5,170963
1,0,1,0,0,5,241894
1,0,1,0,0,5,110269
0,1,1,0,0,5,308633
1,0,1,0,0,5,238001
1,0,1,0,0,5,314905
1,0,1,0,0,5,96845
0,1,1,0,0,5,329278
0,0,2,0,0,5,268156
1,0,1,0,0,5,209538
0,1,1,0,0,5,178604
1,0,1,0,0,5,205001
1,0,1,0,0,5,237534
1,0,1,0,0,5,56749
1,0,1,0,0,5,1732
1,0,1,0,0,5,238685
0,1,1,0,0,5,75374
0,1,1,0,0,5,176321
0,1,1,0,0,5,85369
1,0,1,0,0,5,336972
1,0,1,0,0,5,379480
0,1,1,0,0,5,72289
0,1,0,0,1,5,172319
1,0,1,0,0,5,147461
0,1,1,0,0,5,252306
0,0,1,1,0,5,259552
1,0,1,0,0,5,364337
1,0,0,0,1,5,3339
1,0,1,0,0,5,202992
1,0,1,0,0,5,210013
1,0,0,0,1,5,78086
1,0,1,0,0,5,358851
1,0,1,0,0,5,317636
1,0,1,0,0,5,408870
1,0,1,0,0,5,50793
1,0,0,0,1,5,46751
0,1,1,0,0,5,117920
0,0,2,0,0,5,303424
0,1,1,0,0,5,309222
1,0,1,0,0,5,28464
0,1,1,0,0,5,373694
0,0,1,1,0,5,231781
1,0,1,0,0,5,304962
0,1,1,0,0,5,64097
1,0,1,0,0,5,39864
1,0,1,0,0,5,309771
1,0,1,0,0,5,83675
1,0,1,0,0,5,195843
1,0,1,0,0,5,76561
1,0,1,0,0,5,207950
1,0,1,0,0,5,105248
1,0,1,0,0,5,99512
1,0,1,0,0,5,69328
0,0,2,0,0,5,173678
1,0,1,0,0,5,183962
1,0,0,0,1,5,92763
1,0,1,0,0,5,364949
0,1,1,0,0,5,422843
1,0,0,0,1,5,234581
1,0,1,0,0,5,278773
1,0,1,0,0,5,416759
1,0,0,0,1,5,123652
0,1,1,0,0,5,359155
0,0,1,1,0,5,112954
0,0,2,0,0,5,145338
1,0,1,0,0,5,280742
1,0,1,0,0,5,186806
0,1,1,0,0,5,62311
1,0,1,0,0,5,204104
0,0,0,0,2,5,106233
0,1,1,0,0,5,180867
0,1,1,0,0,5,258655
1,0,1,0,0,5,419301
0,0,1,1,0,5,368646
1,0,1,0,0,5,187958
1,0,1,0,0,5,265533
0,0,0,1,1,5,155059
0,1,1,0,0,5,286295
1,0,1,0,0,5,254615
1,0,1,0,0,5,184783
1,0,0,0,1,5,412485
0,0,0,0,2,5,198219
1,0,1,0,0,5,377429
1,0,1,0,0,5,367472
1,0,0,0,1,5,363023
1,0,1,0,0,5,354547
1,0,1,0,0,5,312098
0,1,1,0,0,5,334153
0,1,1,0,0,5,164384
0,1,1,0,0,5,392452
1,0,0,0,1,5,185817
1,0,1,0,0,5,330474
0,0,2,0,0,5,312694
1,0,1,0,0,5,48661
1,0,1,0,0,5,177655
1,0,1,0,0,5,296821
1,0,1,0,0,5,104162
1,0,1,0,0,5,47698
1,0,1,0,0,5,177854
1,0,1,0,0,5,154436
1,0,1,0,0,5,199527
1,0,1,0,0,5,51681
1,0,1,0,0,5,412403
1,0,1,0,0,5,114778
1,0,1,0,0,5,147620
1,0,1,0,0,5,178366
1,0,1,0,0,5,375531
0,1,1,0,0,5,104522
1,0,1,0,0,5,107684
0,1,1,0,0,5,330687
1,0,1,0,0,5,106989
0,1,1,0,0,5,148249
1,0,1,0,0,5,297701
0,1,0,0,1,5,114487
0,0,0,1,1,5,293793
1,0,1,0,0,5,41643
1,0,1,0,0,5,347921
1,0,1,0,0,5,330641
1,0,1,0,0,5,99678
1,0,1,0,0,5,268597
0,1,1,0,0,5,359275
1,0,1,0,0,5,210469
0,1,1,0,0,5,223066
1,0,1,0,0,5,293028
0,1,1,0,0,5,382557
1,0,1,0,0,5,397776
0,1,1,0,0,5,224412
1,0,1,0,0,5,24156
0,1,1,0,0,5,23101
1,0,1,0,0,5,102774
0,1,1,0,0,5,66783
0,0,2,0,0,5,166786
0,1,1,0,0,5,310463
0,1,1,0,0,5,383561
1,0,1,0,0,5,191811
1,0,1,0,0,5,342963
1,0,1,0,0,5,234230
0,1,1,0,0,5,203941
1,0,1,0,0,5,407292
0,0,1,1,0,5,12209
1,0,1,0,0,5,405560
0,1,1,0,0,5,391514
1,0,1,0,0,5,166347
0,1,1,0,0,5,354927
1,0,1,0,0,5,396039
1,0,1,0,0,5,154915
1,0,1,0,0,5,206685
1,0,1,0,0,5,101864
1,0,1,0,0,5,98217
1,0,1,0,0,5,371201
0,0,2,0,0,5,287908
1,0,1,0,0,5,115427
1,0,1,0,0,5,375366
0,0,2,0,0,5,264223
0,0,0,1,1,5,72550
1,0,1,0,0,5,329714
0,0,0,0,2,5,305489
1,0,1,0,0,5,279365
1,0,1,0,0,5,262095
0,1,1,0,0,5,177895
0,1,1,0,0,5,197348
1,0,1,0,0,5,191161
0,1,1,0,0,5,171798
1,0,1,0,0,5,292074
0,0,0,1,1,5,162767
1,0,1,0,0,5,135131
0,1,1,0,0,5,371418
0,1,1,0,0,5,223851
1,0,1,0,0,5,246922
0,1,1,0,0,5,423074
1,0,1,0,0,5,372212
0,0,1,1,0,5,421889
1,0,1,0,0,5,48645
1,0,0,0,1,5,188533
1,0,1,0,0,5,63010
1,0,1,0,0,5,174693
0,1,1,0,0,5,130349
1,0,0,0,1,5,180066
0,0,2,0,0,5,77164
1,0,1,0,0,5,143310
1,0,1,0,0,5,142260
1,0,1,0,0,5,171358
1,0,0,0,1,5,203350
1,0,1,0,0,5,315803
0,1,1,0,0,5,240955
1,0,1,0,0,5,58423
0,0,0,1,1,5,102008
1,0,1,0,0,5,180805
1,0,1,0,0,5,88713
1,0,1,0,0,5,75918
0,0,2,0,0,5,394020
0,1,1,0,0,5,143224
0,1,1,0,0,5,192207
1,0,1,0,0,5,342500
0,0,2,0,0,5,369325
1,0,1,0,0,5,90807
1,0,0,0,1,5,85154
1,0,0,0,1,5,187513
1,0,1,0,0,5,375416
0,1,1,0,0,5,136806
1,0,1,0,0,5,165019
0,1,1,0,0,5,277667
1,0,1,0,0,5,402378
1,0,1,0,0,5,336899
1,0,1,0,0,5,229197
0,0,0,1,1,5,112175
1,0,1,0,0,5,158826
1,0,1,0,0,5,20047
0,0,0,1,1,5,115788
1,0,1,0,0,5,250837
0,1,1,0,0,5,11687
1,0,1,0,0,5,210216
1,0,0,0,1,5,341163
0,1,1,0,0,5,410522
1,0,1,0,0,5,69838
0,1,1,0,0,5,106700
1,0,1,0,0,5,3025
1,0,1,0,0,5,278556
1,0,1,0,0,5,1938
1,0,1,0,0,5,288597
0,1,1,0,0,5,338519
1,0,1,0,0,5,336554
1,0,1,0,0,5,236485
1,0,1,0,0,5,207363
1,0,1,0,0,5,146192
0,0,2,0,0,5,167023
0,1,1,0,0,5,121214
1,0,1,0,0,5,314330
0,1,0,0,1,5,198315
0,1,1,0,0,5,67115
0,1,1,0,0,5,195581
0,1,1,0,0,5,91782
1,0,1,0,0,5,205215
1,0,1,0,0,5,372246
0,1,0,0,1,5,333971
1,0,1,0,0,5,159921
1,0,1,0,0,5,74276
0,0,1,1,0,5,336756
0,0,1,1,0,5,363674
1,0,0,0,1,5,342043
1,0,1,0,0,5,110736
0,0,2,0,0,5,184344
1,0,1,0,0,5,174334
1,0,1,0,0,5,351310
1,0,1,0,0,5,153995
0,0,0,1,1,5,384450
0,1,1,0,0,5,360010
1,0,1,0,0,5,139438
0,0,1,1,0,5,11119
1,0,1,0,0,5,149417
1,0,1,0,0,5,376801
1,0,1,0,0,5,25115
0,1,1,0,0,5,340374
1,0,1,0,0,5,9541
0,0,1,1,0,5,222970
1,0,1,0,0,5,371502
0,1,1,0,0,5,322257
1,0,1,0,0,5,396521
1,0,1,0,0,5,394754
1,0,1,0,0,5,298815
1,0,1,0,0,5,360602
1,0,1,0,0,5,407616
1,0,1,0,0,5,228062
1,0,1,0,0,5,43892
1,0,1,0,0,5,374486
0,1,0,0,1,5,65513
0,1,1,0,0,5,368446
1,0,1,0,0,5,129885
1,0,1,0,0,5,332591
1,0,1,0,0,5,61074
1,0,1,0,0,5,89994
0,0,2,0,0,5,158695
1,0,0,0,1,5,227612
0,0,2,0,0,5,48089
1,0,1,0,0,5,166874
0,1,1,0,0,5,170768
1,0,1,0,0,5,23779
0,1,1,0,0,5,93002
1,0,1,0,0,5,354024
1,0,1,0,0,5,263145
1,0,1,0,0,5,161336
1,0,1,0,0,5,67339
1,0,1,0,0,5,349981
0,1,1,0,0,5,228606
0,0,1,1,0,5,370828
0,0,2,0,0,5,6571
1,0,1,0,0,5,159079
1,0,1,0,0,5,149946
1,0,1,0,0,5,161969
1,0,1,0,0,5,267855
1,0,1,0,0,5,118399
0,1,1,0,0,5,407973
0,0,1,1,0,5,163485
1,0,1,0,0,5,127309
1,0,1,0,0,5,324214
1,0,1,0,0,5,263625
0,1,1,0,0,5,153783
0,1,1,0,0,5,109692
0,1,1,0,0,5,340582
1,0,1,0,0,5,230634
1,0,1,0,0,5,64248
1,0,1,0,0,5,106259
0,1,1,0,0,5,329618
1,0,1,0,0,5,295857
1,0,1,0,0,5,183126
1,0,1,0,0,5,277439
0,0,0,1,1,5,387326
1,0,1,0,0,5,291179
1,0,1,0,0,5,362646
1,0,1,0,0,5,116908
0,0,0,1,1,5,207595
1,0,1,0,0,5,112721
1,0,1,0,0,5,17618
1,0,1,0,0,5,31608
1,0,1,0,0,5,130044
0,1,1,0,0,5,84396
0,1,1,0,0,5,75671
0,1,1,0,0,5,408050
0,0,1,1,0,5,292579
1,0,1,0,0,5,264312
0,0,0,1,1,5,122995
1,0,1,0,0,5,126463
1,0,1,0,0,5,54752
0,0,2,0,0,5,244400
1,0,1,0,0,5,294338
0,0,0,1,1,5,21379
0,0,0,1,1,5,419190
1,0,1,0,0,5,247348
0,0,2,0,0,5,199768
1,0,1,0,0,5,251309
0,0,2,0,0,5,259446
1,0,1,0,0,5,301852
1,0,1,0,0,5,5038
1,0,0,0,1,5,407152
0,0,1,1,0,5,410098
1,0,1,0,0,5,281481
1,0,1,0,0,5,334985
1,0,1,0,0,5,274456
1,0,1,0,0,5,169223
1,0,1,0,0,5,368294
1,0,1,0,0,5,55790
0,1,1,0,0,5,128966
0,1,1,0,0,5,67644
0,0,0,0,2,5,35429
0,1,1,0,0,5,234519
1,0,1,0,0,5,238683
1,0,1,0,0,5,203175
0,1,0,0,1,5,364198
0,1,1,0,0,5,177154
1,0,1,0,0,5,182673
1,0,1,0,0,5,256293
1,0,1,0,0,5,347689
0,1,0,0,1,5,277328
1,0,1,0,0,5,188544
0,1,1,0,0,5,318983
1,0,1,0,0,5,280430
0,1,1,0,0,5,70650
0,0,2,0,0,5,31443
1,0,1,0,0,5,229150
0,0,0,1,1,5,137077
1,0,1,0,0,5,12615
1,0,1,0,0,5,162357
1,0,1,0,0,5,272923
1,0,1,0,0,5,373513
1,0,1,0,0,5,290304
0,0,2,0,0,5,274836
1,0,1,0,0,5,103939
1,0,1,0,0,5,371706
0,0,2,0,0,5,273544
1,0,1,0,0,5,127070
1,0,1,0,0,5,194308
1,0,1,0,0,5,21683
1,0,1,0,0,5,343982
0,0,0,1,1,5,73701
0,1,1,0,0,5,150350
1,0,1,0,0,5,288535
0,0,2,0,0,5,296229
1,0,1,0,0,5,68718
1,0,1,0,0,5,125525
0,1,1,0,0,5,45244
1,0,1,0,0,5,21413
0,0,1,0,1,5,19305
1,0,1,0,0,5,8796
1,0,1,0,0,5,6936
1,0,1,0,0,5,309628
1,0,1,0,0,5,15587
1,0,1,0,0,5,411081
1,0,1,0,0,5,408176
0,0,1,0,1,5,16854
1,0,1,0,0,5,158483
0,1,1,0,0,5,172405
0,0,0,1,1,5,348170
1,0,1,0,0,5,235211
0,1,1,0,0,5,133082
1,0,1,0,0,5,172942
1,0,1,0,0,5,379182
0,1,1,0,0,5,38276
1,0,1,0,0,5,317244
1,0,1,0,0,5,117635
1,0,1,0,0,5,209498
0,0,1,1,0,5,214447
1,0,1,0,0,5,94039
1,0,1,0,0,5,232540
1,0,1,0,0,5,277023
0,1,1,0,0,5,266590
0,0,0,1,1,5,4213
0,1,1,0,0,5,255830
1,0,1,0,0,5,400426
1,0,1,0,0,5,89671
1,0,1,0,0,5,217294
1,0,1,0,0,5,406649
1,0,0,0,1,5,245329
1,0,1,0,0,5,93970
0,1,1,0,0,5,307934
1,0,1,0,0,5,250221
0,0,2,0,0,5,270319
1,0,0,0,1,5,420453
1,0,1,0,0,5,305097
1,0,0,0,1,5,221338
1,0,1,0,0,5,64773
0,0,2,0,0,5,120061
1,0,1,0,0,5,389404
0,1,1,0,0,5,212507
1,0,1,0,0,5,356285
0,1,1,0,0,5,131568
1,0,1,0,0,5,297241
0,1,1,0,0,5,144264
1,0,1,0,0,5,215207
1,0,1,0,0,5,397495
1,0,1,0,0,5,158898
1,0,1,0,0,5,243978
1,0,0,0,1,5,81125
1,0,1,0,0,5,329190
0,1,1,0,0,5,347840
1,0,0,0,1,5,417267
1,0,1,0,0,5,292614
1,0,1,0,0,5,227259
1,0,0,0,1,5,209379
1,0,1,0,0,5,157314
1,0,1,0,0,5,54389
1,0,1,0,0,5,57114
1,0,1,0,0,5,11412
0,1,1,0,0,5,156029
0,1,1,0,0,5,21678
1,0,1,0,0,5,404879
0,1,1,0,0,5,186521
0,0,1,1,0,5,2106
0,1,0,0,1,5,287006
1,0,1,0,0,5,277605
1,0,1,0,0,5,118723
1,0,0,0,1,5,172214
1,0,1,0,0,5,262847
1,0,1,0,0,5,131773
0,1,1,0,0,5,411369
1,0,1,0,0,5,338455
1,0,0,0,1,5,401230
0,1,1,0,0,5,55717
1,0,1,0,0,5,305862
1,0,1,0,0,5,275361
0,1,1,0,0,5,133596
1,0,1,0,0,5,305033
1,0,1,0,0,5,87793
1,0,0,0,1,5,178813
0,1,1,0,0,5,289710
1,0,1,0,0,5,127576
0,0,1,1,0,5,194511
0,1,1,0,0,5,54044
1,0,1,0,0,5,219119
0,1,1,0,0,5,340256
1,0,1,0,0,5,355452
1,0,1,0,0,5,182580
0,0,1,0,1,5,282818
0,0,1,0,1,5,258969
1,0,1,0,0,5,112982
1,0,1,0,0,5,73233
1,0,1,0,0,5,169970
0,1,1,0,0,5,357731
1,0,1,0,0,5,137899
0,0,1,1,0,5,405011
1,0,1,0,0,5,188035
1,0,1,0,0,5,274873
1,0,1,0,0,5,5784
1,0,0,0,1,5,174773
0,1,1,0,0,5,343659
0,1,1,0,0,5,304846
1,0,1,0,0,5,28801
0,0,2,0,0,5,274760
0,1,1,0,0,5,137105
0,1,1,0,0,5,307694
1,0,1,0,0,5,259774
0,1,1,0,0,5,145586
1,0,1,0,0,5,6591
1,0,1,0,0,5,210402
0,0,0,0,2,5,156830
0,1,1,0,0,5,329606
0,1,0,0,1,5,356094
1,0,1,0,0,5,343796
1,0,1,0,0,5,262842
0,1,1,0,0,5,171081
1,0,1,0,0,5,21397
0,0,2,0,0,5,254621
0,1,1,0,0,5,368510
1,0,1,0,0,5,380332
1,0,1,0,0,5,181072
1,0,0,0,1,5,71420
1,0,1,0,0,5,153224
0,0,0,1,1,5,170646
0,1,1,0,0,5,71158
1,0,0,0,1,5,60522
1,0,1,0,0,5,303452
1,0,1,0,0,5,168922
0,1,1,0,0,5,60000
0,1,1,0,0,5,205892
1,0,1,0,0,5,173769
1,0,1,0,0,5,404702
0,1,1,0,0,5,199998
0,1,1,0,0,5,83373
1,0,1,0,0,5,189598
1,0,1,0,0,5,6548
0,1,1,0,0,5,259672
1,0,1,0,0,5,262611
1,0,0,0,1,5,126786
1,0,1,0,0,5,409190
0,1,1,0,0,5,81833
1,0,1,0,0,5,207077
1,0,1,0,0,5,234526
1,0,1,0,0,5,90830
0,1,1,0,0,5,103510
0,1,1,0,0,5,333888
0,1,1,0,0,5,126190
1,0,1,0,0,5,286366
0,0,1,0,0,6,217514
0,0,1,0,0,6,103430
0,0,1,0,0,6,88845
0,0,1,0,0,6,92250
0,0,1,0,0,6,82786
0,0,1,0,0,6,348288
0,0,1,0,0,6,172275
0,0,1,0,0,6,246235
0,0,1,0,0,6,24360
0,0,1,0,0,6,25084
0,0,1,0,0,6,176588
0,0,0,0,1,6,292183
0,0,1,0,0,6,28792
0,0,1,0,0,6,378535
0,0,1,0,0,6,362097
0,0,0,0,1,6,152945
0,0,1,0,0,6,409133
0,0,1,0,0,6,382675
0,0,1,0,0,6,229345
0,0,1,0,0,6,72580
0,0,1,0,0,6,367565
0,0,1,0,0,6,21229
0,0,0,0,1,6,56358
0,0,0,0,1,6,341201
0,0,1,0,0,6,108101
0,0,1,0,0,6,379718
0,0,1,0,0,6,108901
0,0,0,0,1,6,396511
0,0,1,0,0,6,176369
0,0,1,0,0,6,296341
0,0,1,0,0,6,99120
0,0,1,0,0,6,273816
0,0,1,0,0,6,271366
0,0,1,0,0,6,392068
0,0,1,0,0,6,139696
0,0,1,0,0,6,221677
0,0,1,0,0,6,75531
0,0,0,0,1,6,242490
0,0,1,0,0,6,226703
0,0,1,0,0,6,120981
0,0,1,0,0,6,178370
0,0,1,0,0,6,237610
0,0,1,0,0,6,272656
0,0,1,0,0,6,252076
0,0,1,0,0,6,336336
0,0,1,0,0,6,22976
0,0,1,0,0,6,71107
0,0,1,0,0,6,321089
0,0,1,0,0,6,400399
0,0,1,0,0,6,392811
0,0,1,0,0,6,316069
0,0,1,0,0,6,331189
0,0,1,0,0,6,347141
0,0,1,0,0,6,348441
0,0,1,0,0,6,263261
0,0,0,0,1,6,127314
0,0,1,0,0,6,23316
0,0,1,0,0,6,263536
0,0,1,0,0,6,192086
0,0,1,0,0,6,184951
0,0,1,0,0,6,384727
0,0,1,0,0,6,364125
0,0,1,0,0,6,412583
0,0,0,0,1,6,358507
0,0,1,0,0,6,419004
0,0,1,0,0,6,207222
0,0,1,0,0,6,273746
0,0,1,0,0,6,57502
0,0,1,0,0,6,272188
0,0,1,0,0,6,1005
0,0,1,0,0,6,400293
0,0,1,0,0,6,284627
0,0,1,0,0,6,190813
0,0,1,0,0,6,373070
0,0,1,0,0,6,29468
0,0,1,0,0,6,213530
0,0,1,0,0,6,387392
0,0,1,0,0,6,9102
0,0,1,0,0,6,104083
0,0,0,0,1,6,84053
0,0,1,0,0,6,170770
0,0,1,0,0,6,264860
0,0,1,0,0,6,417826
0,0,1,0,0,6,103527
0,0,1,0,0,6,259679
0,0,1,0,0,6,246678
0,0,1,0,0,6,325917
0,0,1,0,0,6,354932
0,0,1,0,0,6,297223
0,0,1,0,0,6,247961
0,0,1,0,0,6,243158
0,0,1,0,0,6,227562
0,0,1,0,0,6,401608
0,0,1,0,0,6,402054
0,0,1,0,0,6,375497
0,0,1,0,0,6,373255
0,0,1,0,0,6,325476
0,0,1,0,0,6,64862
0,0,0,0,1,6,77761
0,0,1,0,0,6,211507
0,0,0,0,1,6,189394
0,0,1,0,0,6,78423
0,0,1,0,0,6,274721
0,0,1,0,0,6,60666
0,0,1,0,0,6,209075
0,0,1,0,0,6,419247
0,0,0,0,1,6,38682
0,0,1,0,0,6,412187
0,0,1,0,0,6,42345
0,0,1,0,0,6,141923
0,0,1,0,0,6,116011
0,0,1,0,0,6,123754
0,0,1,0,0,6,135053
0,0,0,0,1,6,14814
0,0,1,0,0,6,339390
0,0,1,0,0,6,60479
0,0,1,0,0,6,28204
0,0,0,0,1,6,112119
0,0,1,0,0,6,32446
0,0,1,0,0,6,169604
0,0,1,0,0,6,292278
0,0,1,0,0,6,170474
0,0,1,0,0,6,221503
0,0,1,0,0,6,328985
0,0,1,0,0,6,356721
0,0,1,0,0,6,239425
0,0,1,0,0,6,268541
0,0,1,0,0,6,290648
0,0,1,0,0,6,337578
0,0,1,0,0,6,252887
0,0,1,0,0,6,21203
0,0,1,0,0,6,224076
0,0,1,0,0,6,159113
0,0,1,0,0,6,252888
0,0,1,0,0,6,256243
0,0,1,0,0,6,373960
0,0,1,0,0,6,358601
0,0,1,0,0,6,140262
0,0,1,0,0,6,196542
0,0,1,0,0,6,293317
0,0,0,0,1,6,139935
0,0,1,0,0,6,342179
0,0,1,0,0,6,34774
0,0,0,0,1,6,233732
0,0,1,0,0,6,81495
0,0,1,0,0,6,249479
0,0,1,0,0,6,184764
0,0,1,0,0,6,115325
0,0,1,0,0,6,377367
0,0,1,0,0,6,312835
0,0,1,0,0,6,239166
0,0,1,0,0,6,161274
0,0,1,0,0,6,345673
0,0,1,0,0,6,30345
0,0,1,0,0,6,422455
0,0,1,0,0,6,184113
0,0,1,0,0,6,248275
0,0,1,0,0,6,321109
0,0,1,0,0,6,93594
0,0,1,0,0,6,216652
0,0,1,0,0,6,48631
0,0,0,0,1,6,243623
0,0,1,0,0,6,314028
0,0,1,0,0,6,76924
0,0,0,0,1,6,410827
0,0,1,0,0,6,326249
0,0,1,0,0,6,336507
0,0,1,0,0,6,140455
0,0,1,0,0,6,241248
0,0,1,0,0,6,83018
0,0,1,0,0,6,326882
0,0,1,0,0,6,401797
0,0,1,0,0,6,134643
0,0,0,0,1,6,64648
0,0,1,0,0,6,345854
0,0,1,0,0,6,358408
0,0,1,0,0,6,206784
0,0,1,0,0,6,155766
0,0,1,0,0,6,151707
0,0,0,0,1,6,214181
0,0,0,0,1,6,85860
0,0,0,0,1,6,164782
0,0,1,0,0,6,285032
0,0,1,0,0,6,87414
0,0,0,0,1,6,333550
0,0,1,0,0,6,308589
0,0,1,0,0,6,276446
0,0,0,0,1,6,57158
0,0,1,0,0,6,183139
0,0,1,0,0,6,139085
0,0,1,0,0,6,232323
0,0,1,0,0,6,309342
0,0,1,0,0,6,111867
0,0,1,0,0,6,332856
0,0,1,0,0,6,390448
0,0,1,0,0,6,156091
0,0,1,0,0,6,6312
0,0,1,0,0,6,175021
0,0,1,0,0,6,337366
0,0,0,0,1,6,132179
0,0,1,0,0,6,343697
0,0,0,0,1,6,365633
0,0,1,0,0,6,41620
0,0,1,0,0,6,347953
0,0,1,0,0,6,187805
0,0,1,0,0,6,194681
0,0,1,0,0,6,200190
0,0,1,0,0,6,178852
0,0,1,0,0,6,194968
0,0,1,0,0,6,383505
0,0,1,0,0,6,2869
0,0,1,0,0,6,158809
0,0,1,0,0,6,117876
0,0,1,0,0,6,373690
0,0,1,0,0,6,252578
0,0,0,0,1,6,34039
0,0,1,0,0,6,271173
0,0,1,0,0,6,126012
0,0,1,0,0,6,394094
0,0,1,0,0,6,118339
0,0,1,0,0,6,251463
0,0,1,0,0,6,265458
0,0,1,0,0,6,356818
0,0,1,0,0,6,387341
0,0,1,0,0,6,319162
0,0,1,0,0,6,64149
0,0,1,0,0,6,400106
0,0,1,0,0,6,144237
0,0,1,0,0,6,224545
0,0,0,0,1,6,409234
0,0,1,0,0,6,207577
0,0,1,0,0,6,94570
0,0,1,0,0,6,220207
0,0,1,0,0,6,380423
0,0,1,0,0,6,52603
0,0,1,0,0,6,348312
0,0,1,0,0,6,204632
0,0,1,0,0,6,14698
0,0,1,0,0,6,238380
0,0,1,0,0,6,359055
0,0,1,0,0,6,341162
0,0,1,0,0,6,408130
0,0,1,0,0,6,321080
0,0,1,0,0,6,235757
0,0,0,0,1,6,225992
0,0,1,0,0,6,363098
0,0,1,0,0,6,151766
0,0,1,0,0,6,64125
0,0,1,0,0,6,141324
0,0,0,0,1,6,314926
0,0,1,0,0,6,73258
0,0,1,0,0,6,139926
0,0,1,0,0,6,125705
0,0,1,0,0,6,308977
0,0,1,0,0,6,32759
0,0,1,0,0,6,104971
0,0,1,0,0,6,150376
0,0,1,0,0,6,277301
0,0,1,0,0,6,366657
0,0,1,0,0,6,377167
0,0,1,0,0,6,75558
0,0,1,0,0,6,400945
0,0,1,0,0,6,312475
0,0,1,0,0,6,152237
0,0,1,0,0,6,133942
0,0,1,0,0,6,253710
0,0,1,0,0,6,366870
0,0,1,0,0,6,109282
0,0,1,0,0,6,180752
0,0,1,0,0,6,125508
0,0,1,0,0,6,370693
0,0,1,0,0,6,324118
0,0,1,0,0,6,49764
0,0,1,0,0,6,97355
0,0,1,0,0,6,37639
0,0,1,0,0,6,97809
0,0,1,0,0,6,307442
0,0,1,0,0,6,97423
0,0,1,0,0,6,113885
0,0,0,0,1,6,387744
0,0,1,0,0,6,188748
0,0,1,0,0,6,230461
0,0,1,0,0,6,196425
0,0,1,0,0,6,142736
0,0,1,0,0,6,392731
0,0,1,0,0,6,149547
0,0,0,0,1,6,25542
0,0,1,0,0,6,411388
0,0,1,0,0,6,174283
0,0,1,0,0,6,61625
0,0,1,0,0,6,320024
0,0,1,0,0,6,13714
0,0,0,0,1,6,367076
0,0,1,0,0,6,292135
0,0,1,0,0,6,173148
0,0,1,0,0,6,97879
0,0,1,0,0,6,142145
0,0,1,0,0,6,377533
0,0,1,0,0,6,136617
0,0,0,0,1,6,145249
0,0,0,0,1,6,78118
0,0,1,0,0,6,368886
0,0,1,0,0,6,415772
0,0,1,0,0,6,387976
0,0,1,0,0,6,102680
0,0,1,0,0,6,380714
0,0,1,0,0,6,25874
0,0,1,0,0,6,349978
0,0,1,0,0,6,178697
0,0,1,0,0,6,71719
0,0,1,0,0,6,267399
0,0,1,0,0,6,208155
0,0,1,0,0,6,91633
0,0,1,0,0,6,176978
0,0,1,0,0,6,50225
0,0,1,0,0,6,384750
0,0,1,0,0,6,414031
0,0,1,0,0,6,138435
0,0,1,0,0,6,141417
0,0,1,0,0,6,212094
0,0,1,0,0,6,127553
0,0,1,0,0,6,401901
0,0,1,0,0,6,281621
0,0,1,0,0,6,46998
0,0,1,0,0,6,157993
0,0,1,0,0,6,303666
0,0,0,0,1,6,245431
0,0,1,0,0,6,419186
0,0,1,0,0,6,11379
0,0,1,0,0,6,299226
0,0,1,0,0,6,345509
0,0,1,0,0,6,208762
0,0,1,0,0,6,40721
0,0,0,0,1,6,373846
0,0,1,0,0,6,324982
0,0,1,0,0,6,108067
0,0,1,0,0,6,186466
0,0,1,0,0,6,225221
0,0,1,0,0,6,176852
0,0,1,0,0,6,238092
0,0,1,0,0,6,50359
0,0,1,0,0,6,53073
0,0,1,0,0,6,7451
0,0,0,0,1,6,274929
0,0,1,0,0,6,303234
0,0,1,0,0,6,334946
0,0,1,0,0,6,123743
0,0,1,0,0,6,174634
0,0,1,0,0,6,241883
0,0,1,0,0,6,270324
0,0,1,0,0,6,75416
0,0,1,0,0,6,397941
0,0,1,0,0,6,290151
0,0,1,0,0,6,408352
0,0,1,0,0,6,126977
0,0,1,0,0,6,60008
0,0,1,0,0,6,201566
0,0,1,0,0,6,278281
0,0,1,0,0,6,177871
0,0,1,0,0,6,210113
0,0,1,0,0,6,316118
0,0,1,0,0,6,413971
0,0,1,0,0,6,392064
0,0,1,0,0,6,128097
0,0,1,0,0,6,203111
0,0,1,0,0,6,300832
0,0,1,0,0,6,125207
0,0,0,0,1,6,349971
0,0,1,0,0,6,55536
0,0,1,0,0,6,47684
0,0,1,0,0,6,244565
0,0,1,0,0,6,22834
0,0,1,0,0,6,240513
0,0,1,0,0,6,107985
0,0,0,0,1,6,103150
0,0,0,0,1,6,211305
0,0,1,0,0,6,410452
0,0,1,0,0,6,224640
0,0,1,0,0,6,371769
0,0,1,0,0,6,257038
0,0,1,0,0,6,210579
0,0,0,0,1,6,297376
0,0,1,0,0,6,142538
0,0,1,0,0,6,146401
0,0,1,0,0,6,38543
0,0,1,0,0,6,263414
0,0,1,0,0,6,112653
0,0,1,0,0,6,60548
0,0,1,0,0,6,60069
0,0,1,0,0,6,21857
0,0,1,0,0,6,243663
0,0,1,0,0,6,418264
0,0,1,0,0,6,193149
0,0,1,0,0,6,125386
0,0,1,0,0,6,54234
0,0,0,0,1,6,353134
0,0,1,0,0,6,75250
0,0,1,0,0,6,251000
0,0,1,0,0,6,124486
0,0,1,0,0,6,418025
0,0,1,0,0,6,325102
0,0,1,0,0,6,258589
0,0,1,0,0,6,241686
0,0,1,0,0,6,396767
0,0,0,0,1,6,251030
0,0,1,0,0,6,318544
0,0,1,0,0,6,339525
0,0,1,0,0,6,241808
0,0,1,0,0,6,176965
0,0,0,0,1,6,16706
0,0,0,0,1,6,206186
0,0,0,0,1,6,85663
0,0,1,0,0,6,48717
0,0,1,0,0,6,13285
0,0,1,0,0,6,192191
0,0,1,0,0,6,117697
0,0,1,0,0,6,54550
0,0,0,0,1,6,89306
0,0,1,0,0,6,389490
0,0,1,0,0,6,375980
0,0,1,0,0,6,206986
0,0,1,0,0,6,42339
0,0,0,0,1,6,31526
0,0,1,0,0,6,148597
0,0,1,0,0,6,342244
0,0,1,0,0,6,185366
0,0,1,0,0,6,103843
0,0,1,0,0,6,208617
0,0,1,0,0,6,363024
0,0,0,0,1,6,160848
0,0,1,0,0,6,232521
0,0,1,0,0,6,120765
0,0,1,0,0,6,171777
0,0,0,0,1,6,16907
0,0,1,0,0,6,248643
0,0,1,0,0,6,342263
0,0,1,0,0,6,170344
0,0,1,0,0,6,279358
0,0,1,0,0,6,236837
0,0,1,0,0,6,333166
0,0,1,0,0,6,345621
0,0,1,0,0,6,184044
0,0,1,0,0,6,39870
0,0,1,0,0,6,221294
0,0,1,0,0,6,137631
0,0,1,0,0,6,316569
0,0,1,0,0,6,149021
0,0,1,0,0,6,8673
0,0,0,0,1,6,347693
0,0,1,0,0,6,302838
0,0,1,0,0,6,33459
0,0,1,0,0,6,78710
0,0,1,0,0,6,83586
0,0,1,0,0,6,173497
0,0,1,0,0,6,24465
0,0,1,0,0,6,112373
0,0,1,0,0,6,5399
0,0,1,0,0,6,401395
0,0,1,0,0,6,50968
0,0,1,0,0,6,125444
0,0,1,0,0,6,219996
0,0,1,0,0,6,283875
0,0,1,0,0,6,51139
0,0,1,0,0,6,371422
0,0,1,0,0,6,218393
0,0,1,0,0,6,21296
0,0,1,0,0,6,8857
0,0,0,0,1,6,290045
0,0,1,0,0,6,122019
0,0,1,0,0,6,88243
0,0,0,0,1,6,326533
0,0,1,0,0,6,160014
0,0,1,0,0,6,121582
0,0,1,0,0,6,68823
0,0,1,0,0,6,73771
0,0,1,0,0,6,80759
0,0,1,0,0,6,177326
0,0,1,0,0,6,347619
0,0,0,0,1,6,63718
0,0,1,0,0,6,238376
0,0,0,0,1,6,313161
0,0,1,0,0,6,131340
0,0,1,0,0,6,351509
0,0,1,0,0,6,265106
0,0,1,0,0,6,79686
0,0,1,0,0,6,229214
0,0,1,0,0,6,114853
0,0,1,0,0,6,237857
0,0,1,0,0,6,50506
0,0,1,0,0,6,318805
0,0,1,0,0,6,354774
0,0,1,0,0,6,405175
0,0,1,0,0,6,72372
0,0,0,0,1,6,132261
0,0,1,0,0,6,396728
0,0,1,0,0,6,367226
0,0,1,0,0,6,202273
0,0,1,0,0,6,271823
0,0,1,0,0,6,413565
0,0,1,0,0,6,392757
0,0,1,0,0,6,374497
0,0,1,0,0,6,297614
0,0,1,0,0,6,88254
0,0,1,0,0,6,180935
0,0,1,0,0,6,131425
0,0,1,0,0,6,401174
0,0,1,0,0,6,366460
0,0,0,0,1,6,212319
0,0,1,0,0,6,117106
0,0,1,0,0,6,189268
0,0,1,0,0,6,82944
0,0,0,0,1,6,70475
0,0,1,0,0,6,390613
0,0,1,0,0,6,102927
0,0,1,0,0,6,16358
0,0,1,0,0,6,161323
0,0,1,0,0,6,358494
0,0,1,0,0,6,108728
0,0,1,0,0,6,63683
0,0,1,0,0,6,199546
0,0,1,0,0,6,125560
0,0,1,0,0,6,220549
0,0,1,0,0,6,344901
0,0,1,0,0,6,297823
0,0,1,0,0,6,332549
0,0,1,0,0,6,361205
0,0,1,0,0,6,115559
0,0,1,0,0,6,193161
0,0,1,0,0,6,96892
0,0,1,0,0,6,55144
0,0,1,0,0,6,266033
0,0,1,0,0,6,341170
0,0,1,0,0,6,224635
0,0,1,0,0,6,371722
0,0,1,0,0,6,127546
0,0,1,0,0,6,354782
0,0,1,0,0,6,79644
0,0,1,0,0,6,72886
0,0,1,0,0,6,340031
0,0,1,0,0,6,369502
0,0,1,0,0,6,269104
0,0,1,0,0,6,148998
0,0,1,0,0,6,407170
0,0,1,0,0,6,79395
0,0,1,0,0,6,314430
0,0,1,0,0,6,150609
0,0,0,0,1,6,37270
0,0,1,0,0,6,160898
0,0,1,0,0,6,210064
0,0,1,0,0,6,375945
0,0,1,0,0,6,90384
0,0,1,0,0,6,328554
0,0,1,0,0,6,49079
0,0,0,0,1,6,207688
0,0,1,0,0,6,347356
0,0,1,0,0,6,338435
0,0,0,0,1,6,10642
0,0,1,0,0,6,170775
0,0,1,0,0,6,44118
0,0,0,0,1,6,87621
0,0,1,0,0,6,370341
0,0,1,0,0,6,158138
0,0,1,0,0,6,82992
0,0,1,0,0,6,176686
0,0,1,0,0,6,367260
0,0,1,0,0,6,50029
0,0,0,0,1,6,233005
0,0,1,0,0,6,383130
0,0,1,0,0,6,211492
0,0,0,0,1,6,230230
0,0,1,0,0,6,191694
0,0,0,0,1,6,280012
0,0,1,0,0,6,48170
0,0,1,0,0,6,258888
0,0,1,0,0,6,153954
0,0,1,0,0,6,347298
0,0,1,0,0,6,389732
0,0,1,0,0,6,35622
0,0,1,0,0,6,261641
0,0,1,0,0,6,78384
0,0,1,0,0,6,347384
0,0,0,0,1,6,245685
0,0,1,0,0,6,334296
0,0,0,0,1,6,110760
0,0,1,0,0,6,42382
0,0,1,0,0,6,34174
0,0,1,0,0,6,208830
0,0,1,0,0,6,202846
0,0,1,0,0,6,239292
0,0,1,0,0,6,423199
0,0,1,0,0,6,55257
0,0,1,0,0,6,60224
0,0,1,0,0,6,129220
0,0,1,0,0,6,266843
0,0,1,0,0,6,295122
0,0,1,0,0,6,307243
0,0,1,0,0,6,393491
0,0,1,0,0,6,82864
0,0,1,0,0,6,398207
0,0,1,0,0,6,86037
0,0,1,0,0,6,371454
0,0,0,0,1,6,367707
0,0,1,0,0,6,33796
0,0,1,0,0,6,379777
0,0,1,0,0,6,392785
0,0,1,0,0,6,9344
0,0,0,0,1,6,184003
0,0,1,0,0,6,364218
0,0,1,0,0,6,166175
0,0,1,0,0,6,408059
0,0,1,0,0,6,25583
0,0,1,0,0,6,303699
0,0,1,0,0,6,140984
0,0,1,0,0,6,349863
0,0,1,0,0,6,394186
0,0,1,0,0,6,398213
0,0,1,0,0,6,81836
0,0,1,0,0,6,312982
0,0,1,0,0,6,417344
0,0,1,0,0,6,302020
0,0,1,0,0,6,419453
0,0,1,0,0,6,25143
0,0,0,0,1,6,399877
0,0,1,0,0,6,89258
0,0,1,0,0,6,362267
0,0,1,0,0,6,50310
0,0,1,0,0,6,22453
0,0,1,0,0,6,130342
0,0,1,0,0,6,73438
0,0,1,0,0,6,22035
0,0,1,0,0,6,308692
0,0,1,0,0,6,152804
0,0,1,0,0,6,206630
0,0,1,0,0,6,199257
0,0,0,0,1,6,19488
0,0,1,0,0,6,168292
0,0,1,0,0,6,276974
0,0,1,0,0,6,122502
0,0,1,0,0,6,7561
0,0,1,0,0,6,200077
0,0,1,0,0,6,27934
0,0,1,0,0,6,148893
0,0,1,0,0,6,370823
0,0,1,0,0,6,103252
0,0,1,0,0,6,396941
0,0,1,0,0,6,320812
0,0,1,0,0,6,279628
0,0,1,0,0,6,155916
0,0,1,0,0,6,70682
0,0,1,0,0,6,245239
0,0,1,0,0,6,123288
0,0,1,0,0,6,122905
0,0,1,0,0,6,411299
0,0,1,0,0,6,314342
0,0,1,0,0,6,396312
0,0,1,0,0,6,64532
0,0,1,0,0,6,407821
0,0,1,0,0,6,355009
0,0,0,0,1,6,205082
0,0,1,0,0,6,31026
0,0,1,0,0,6,297117
0,0,1,0,0,6,279372
0,0,1,0,0,6,14630
0,0,0,0,1,6,118686
0,0,1,0,0,6,303887
0,0,1,0,0,6,64414
0,0,1,0,0,6,284606
0,0,1,0,0,6,228675
0,0,0,0,1,6,299653
0,0,1,0,0,6,125349
0,0,1,0,0,6,68483
0,0,1,0,0,6,243302
0,0,1,0,0,6,416643
0,0,1,0,0,6,123758
0,0,1,0,0,6,159088
0,0,1,0,0,6,174026
0,0,1,0,0,6,18432
0,0,1,0,0,6,355547
0,0,1,0,0,6,351126
0,0,0,0,1,6,147240
0,0,1,0,0,6,152091
0,0,1,0,0,6,92488
0,0,1,0,0,6,338868
0,0,1,0,0,6,143830
0,0,1,0,0,6,275447
0,0,1,0,0,6,187357
0,0,1,0,0,6,424067
0,0,1,0,0,6,330869
0,0,1,0,0,6,43998
0,0,1,0,0,6,339777
0,0,1,0,0,6,267272
0,0,1,0,0,6,232708
0,0,1,0,0,6,320369
0,0,0,0,1,6,40821
0,0,1,0,0,6,206033
0,0,1,0,0,6,97507
0,0,1,0,0,6,313464
0,0,0,0,1,6,368904
0,0,1,0,0,6,142732
0,0,0,0,1,6,170324
0,0,1,0,0,6,42485
0,0,1,0,0,6,30992
0,0,0,0,1,6,143570
0,0,1,0,0,6,10561
0,0,1,0,0,6,326600
0,0,1,0,0,6,174745
0,0,1,0,0,6,394365
0,0,1,0,0,6,109218
0,0,1,0,0,6,99289
0,0,1,0,0,6,319509
0,0,1,0,0,6,190965
0,0,1,0,0,6,133961
0,0,0,0,1,6,168857
0,0,1,0,0,6,298246
0,0,1,0,0,6,388847
0,0,1,0,0,6,123057
0,0,1,0,0,6,38882
0,0,1,0,0,6,64650
0,0,1,0,0,6,113769
0,0,1,0,0,6,396398
0,0,1,0,0,6,59789
0,0,1,0,0,6,188629
0,0,1,0,0,6,316182
0,0,1,0,0,6,422559
0,0,1,0,0,6,152462
0,0,1,0,0,6,255868
0,0,1,0,0,6,121235
0,0,1,0,0,6,23326
0,0,1,0,0,6,119970
0,0,1,0,0,6,60902
0,0,1,0,0,6,6426
0,0,0,0,1,6,126775
0,0,1,0,0,6,118694
0,0,1,0,0,6,267936
0,0,0,0,1,6,254761
0,0,1,0,0,6,65526
0,0,1,0,0,6,43463
0,0,0,0,1,6,386071
0,0,1,0,0,6,413221
0,0,1,0,0,6,204925
0,0,1,0,0,6,19945
0,0,1,0,0,6,375827
0,0,1,0,0,6,29912
0,0,1,0,0,6,28274
0,0,1,0,0,6,281110
0,0,1,0,0,6,101670
0,0,1,0,0,6,421634
0,0,1,0,0,6,373933
0,0,1,0,0,6,394475
0,0,1,0,0,6,322245
0,0,1,0,0,6,77633
0,0,1,0,0,6,388432
0,0,0,0,1,6,258269
0,0,1,0,0,6,125707
0,0,0,0,1,6,309039
0,0,1,0,0,6,54305
0,0,1,0,0,6,390989
0,0,1,0,0,6,140886
0,0,1,0,0,6,212739
0,0,1,0,0,6,351407
0,0,1,0,0,6,145731
0,0,1,0,0,6,8900
0,0,1,0,0,6,390855
0,0,1,0,0,6,303504
0,0,1,0,0,6,211337
0,0,1,0,0,6,415355
0,0,1,0,0,6,389162
0,0,1,0,0,6,234954
0,0,1,0,0,6,178491
0,0,1,0,0,6,170048
0,0,1,0,0,6,410299
0,0,0,0,1,6,388110
0,0,1,0,0,6,59345
0,0,1,0,0,6,2112
0,0,1,0,0,6,257103
0,0,0,0,1,6,171101
0,0,1,0,0,6,85530
0,0,1,0,0,6,314073
0,0,1,0,0,6,135675
0,0,1,0,0,6,318259
0,0,1,0,0,6,216944
0,0,0,0,1,6,72948
0,0,1,0,0,6,176901
0,0,1,0,0,6,209198
0,0,1,0,0,6,291636
0,0,1,0,0,6,297070
0,0,1,0,0,6,411048
0,0,0,0,1,6,181157
0,0,1,0,0,6,336063
0,0,1,0,0,6,348686
0,0,1,0,0,6,164718
0,0,1,0,0,6,372081
0,0,1,0,0,6,385751
0,0,1,0,0,6,391637
0,0,1,0,0,6,126009
0,0,1,0,0,6,284783
0,0,0,0,1,6,89332
0,0,1,0,0,6,283560
0,0,1,0,0,6,344490
0,0,1,0,0,6,261683
0,0,1,0,0,6,309128
0,0,1,0,0,6,171035
0,0,0,0,1,6,259065
0,0,1,0,0,6,137565
0,0,1,0,0,6,207630
0,0,1,0,0,6,80023
0,0,1,0,0,6,230304
0,0,1,0,0,6,86400
0,0,0,0,1,6,32961
0,0,0,0,1,6,257024
0,0,1,0,0,6,19215
0,0,1,0,0,6,111617
0,0,1,0,0,6,107054
0,0,1,0,0,6,216028
0,0,1,0,0,6,390460
0,0,1,0,0,6,50013
0,0,1,0,0,6,71134
0,0,1,0,0,6,213384
0,0,1,0,0,6,421261
0,0,1,0,0,6,27028
0,0,1,0,0,6,93495
0,0,1,0,0,6,393637
0,0,1,0,0,6,244359
0,0,1,0,0,6,238023
0,0,1,0,0,6,77388
0,0,1,0,0,6,264990
0,0,1,0,0,6,332559
0,0,1,0,0,6,98517
0,0,0,0,1,6,102162
0,0,1,0,0,6,319587
0,0,1,0,0,6,328732
0,0,1,0,0,6,265883
0,0,1,0,0,6,179108
0,0,1,0,0,6,292319
0,0,1,0,0,6,44924
0,0,1,0,0,6,256651
0,0,1,0,0,6,255705
0,0,1,0,0,6,192310
0,0,1,0,0,6,354336
0,0,1,0,0,6,343621
0,0,1,0,0,6,220782
0,0,1,0,0,6,119354
0,0,0,0,1,6,420545
0,0,1,0,0,6,254419
0,0,1,0,0,6,367749
0,0,1,0,0,6,85134
0,0,1,0,0,6,302317
0,0,1,0,0,6,239349
0,0,1,0,0,6,39966
0,0,1,0,0,6,161710
0,0,1,0,0,6,363872
0,0,1,0,0,6,174792
0,0,1,0,0,6,343610
0,0,1,0,0,6,130638
0,0,1,0,0,6,393709
0,0,1,0,0,6,108736
0,0,1,0,0,6,351354
0,0,1,0,0,6,165482
0,0,1,0,0,6,315069
0,0,0,0,1,6,395460
0,0,1,0,0,6,384976
0,0,1,0,0,6,135354
0,0,1,0,0,6,412141
0,0,1,0,0,6,46701
0,0,1,0,0,6,158360
0,0,1,0,0,6,131501
0,0,1,0,0,6,243550
0,0,0,0,1,6,395143
0,0,1,0,0,6,88339
0,0,1,0,0,6,83286
0,0,1,0,0,6,375056
0,0,1,0,0,6,211038
0,0,1,0,0,6,74975
0,0,1,0,0,6,230811
0,0,1,0,0,6,371159
0,0,1,0,0,6,259350
0,0,0,0,1,6,390459
0,0,1,0,0,6,108006
0,0,1,0,0,6,67343
0,0,1,0,0,6,94480
0,0,1,0,0,6,259306
0,0,1,0,0,6,68063
0,0,1,0,0,6,238774
0,0,1,0,0,6,263170
0,0,0,0,1,6,27738
0,0,1,0,0,6,203463
0,0,1,0,0,6,160889
0,0,1,0,0,6,42376
0,0,1,0,0,6,263491
0,0,1,0,0,6,2941
0,0,1,0,0,6,270322
0,0,1,0,0,6,408285
0,0,1,0,0,6,101384
0,0,1,0,0,6,401740
0,0,1,0,0,6,396481
0,0,1,0,0,6,5811
0,0,1,0,0,6,252524
0,0,1,0,0,6,148311
0,0,1,0,0,6,16126
0,0,1,0,0,6,96833
0,0,1,0,0,6,133758
0,0,1,0,0,6,308536
0,0,1,0,0,6,89785
0,0,0,0,1,6,295489
0,0,1,0,0,6,385669
0,0,1,0,0,6,110594
0,0,1,0,0,6,160077
0,0,1,0,0,6,405200
0,0,1,0,0,6,69900
0,0,1,0,0,6,229794
0,0,1,0,0,6,177944
0,0,1,0,0,6,311587
0,0,1,0,0,6,415010
0,0,1,0,0,6,150822
0,0,1,0,0,6,348590
0,0,1,0,0,6,18824
0,0,1,0,0,6,304865
0,0,1,0,0,6,339863
0,0,0,0,1,6,368345
0,0,0,0,1,6,165649
0,0,1,0,0,6,254822
0,0,1,0,0,6,16641
0,0,1,0,0,6,222486
0,0,1,0,0,6,94461
0,0,1,0,0,6,139246
0,0,1,0,0,6,417194
0,0,1,0,0,6,198619
0,0,1,0,0,6,118134
0,0,1,0,0,6,381580
0,0,1,0,0,6,45082
0,0,1,0,0,6,165175
0,0,0,0,1,6,240894
0,0,1,0,0,6,421650
0,0,1,0,0,6,362126
0,0,1,0,0,6,328326
0,0,1,0,0,6,80277
0,0,1,0,0,6,302140
0,0,1,0,0,6,48217
0,0,1,0,0,6,71621
0,0,1,0,0,6,90677
0,0,1,0,0,6,325959
0,0,1,0,0,6,46378
0,0,1,0,0,6,144955
0,0,1,0,0,6,285146
0,0,1,0,0,6,239447
0,0,1,0,0,6,110832
0,0,1,0,0,6,31482
0,0,1,0,0,6,390146
0,0,1,0,0,6,116501
0,0,1,0,0,6,315917
0,0,1,0,0,6,263928
0,0,1,0,0,6,269697
0,0,1,0,0,6,21363
0,0,1,0,0,6,216118
0,0,1,0,0,6,299729
0,0,1,0,0,6,105001
0,0,1,0,0,6,233338
0,0,1,0,0,6,191827
0,0,1,0,0,6,141423
0,0,1,0,0,6,1228
0,0,1,0,0,6,185718
0,0,1,0,0,6,302942
0,0,1,0,0,6,126075
0,0,1,0,0,6,304023
0,0,1,0,0,6,297402
0,0,1,0,0,6,414132
0,0,1,0,0,6,267265
0,0,1,0,0,6,281957
0,0,1,0,0,6,110910
0,0,0,0,1,6,12682
0,0,1,0,0,6,68703
0,0,1,0,0,6,326368
0,0,0,0,1,6,238547
0,0,1,0,0,6,2535
0,0,1,0,0,6,391275
0,0,1,0,0,6,265610
0,0,1,0,0,6,156831
0,0,1,0,0,6,199822
0,0,1,0,0,6,10723
0,0,1,0,0,6,120958
0,0,1,0,0,6,409785
0,0,1,0,0,6,242894
0,0,1,0,0,6,178769
0,0,1,0,0,6,213157
0,0,1,0,0,6,250006
0,0,1,0,0,6,220177
0,0,1,0,0,6,105612
0,0,1,0,0,6,252271
0,0,1,0,0,6,34675
0,0,1,0,0,6,412827
0,0,0,0,1,6,109794
0,0,1,0,0,6,215553
0,0,1,0,0,6,277362
0,0,1,0,0,6,74932
0,0,1,0,0,6,154349
0,0,1,0,0,6,81468
0,0,1,0,0,6,160912
0,0,1,0,0,6,241678
0,0,1,0,0,6,247868
0,0,1,0,0,6,347812
0,0,1,0,0,6,374566
0,0,1,0,0,6,241008
0,0,1,0,0,6,275697
0,0,0,0,1,6,306153
0,0,1,0,0,6,93502
0,0,1,0,0,6,388649
0,0,1,0,0,6,296148
0,0,1,0,0,6,162857
0,0,1,0,0,6,143948
0,0,1,0,0,6,296286
0,0,0,0,1,6,100354
0,0,1,0,0,6,28875
0,0,1,0,0,6,271334
0,0,1,0,0,6,394333
0,0,0,0,1,6,28786
0,0,1,0,0,6,270311
0,0,1,0,0,6,45645
0,0,1,0,0,6,53976
0,0,1,0,0,6,213073
0,0,1,0,0,6,88330
0,0,0,0,1,6,291027
0,0,1,0,0,6,82918
0,0,1,0,0,6,324944
0,0,1,0,0,6,377858
0,0,1,0,0,6,18997
0,0,1,0,0,6,112235
0,0,1,0,0,6,377791
0,0,1,0,0,6,150558
0,0,1,0,0,6,200429
0,0,1,0,0,6,107536
0,0,1,0,0,6,191517
0,0,1,0,0,6,343179
0,0,1,0,0,6,77242
0,0,1,0,0,6,398524
0,0,1,0,0,6,251393
0,0,0,0,1,6,259775
0,0,1,0,0,6,212211
0,0,1,0,0,6,238044
0,0,1,0,0,6,331415
0,0,1,0,0,6,322475
0,0,1,0,0,6,179194
0,0,1,0,0,6,22363
0,0,1,0,0,6,275537
0,0,1,0,0,6,367476
0,0,1,0,0,6,29267
0,0,1,0,0,6,30321
0,0,0,0,1,6,236900
0,0,1,0,0,6,86895
0,0,1,0,0,6,404927
0,0,1,0,0,6,89840
0,0,1,0,0,6,98962
0,0,1,0,0,6,46106
0,0,1,0,0,6,195052
0,0,0,0,1,6,56277
0,0,0,0,1,6,248261
0,0,1,0,0,6,243711
0,0,1,0,0,6,319778
0,0,1,0,0,6,41531
0,0,1,0,0,6,95482
0,0,1,0,0,6,276592
0,0,1,0,0,6,284247
0,0,0,0,1,6,233626
0,0,1,0,0,6,340095
0,0,1,0,0,6,174583
0,0,1,0,0,6,349640
0,0,1,0,0,6,45315
0,0,1,0,0,6,230145
0,0,1,0,0,6,60010
0,0,1,0,0,6,277564
0,0,1,0,0,6,245301
0,0,1,0,0,6,57082
0,0,1,0,0,6,243668
0,0,1,0,0,6,420345
0,0,1,0,0,6,292062
0,0,1,0,0,6,338154
0,0,1,0,0,6,88705
0,0,1,0,0,6,228587
0,0,1,0,0,6,383145
0,0,1,0,0,6,411714
0,0,1,0,0,6,391222
0,0,1,0,0,6,284617
0,0,1,0,0,6,98561
0,0,1,0,0,6,17413
0,0,1,0,0,6,36980
0,0,1,0,0,6,116521
0,0,1,0,0,6,125155
0,0,1,0,0,6,18261
0,0,0,0,1,6,390899
0,0,1,0,0,6,272885
0,0,1,0,0,6,116897
0,0,0,0,1,6,405859
0,0,1,0,0,6,224882
0,0,1,0,0,6,336881
0,0,1,0,0,6,383324
0,0,0,0,1,6,388406
0,0,1,0,0,6,167319
0,0,0,0,1,6,191032
0,0,1,0,0,6,338378
0,0,0,0,1,6,110066
0,0,1,0,0,6,316820
0,0,1,0,0,6,169872
0,0,1,0,0,6,79068
0,0,1,0,0,6,7284
0,0,1,0,0,6,324746
0,0,1,0,0,6,109514
0,0,1,0,0,6,383799
0,0,1,0,0,6,301601
0,0,1,0,0,6,135141
0,0,1,0,0,6,36373
0,0,1,0,0,6,386667
0,0,0,0,1,6,27526
0,0,1,0,0,6,52216
0,0,1,0,0,6,240342
0,0,1,0,0,6,84484
0,0,1,0,0,6,251568
0,0,1,0,0,6,306066
0,0,1,0,0,6,318628
0,0,1,0,0,6,3437
0,0,0,0,1,6,283256
0,0,1,0,0,6,238596
0,0,1,0,0,6,98671
0,0,1,0,0,6,19958
0,0,1,0,0,6,258624
0,0,1,0,0,6,253327
0,0,1,0,0,6,175445
0,0,1,0,0,6,370973
0,0,1,0,0,6,323563
0,0,1,0,0,6,414320
0,0,1,0,0,6,186569
0,0,1,0,0,6,278970
0,0,0,0,1,6,273288
0,0,1,0,0,6,8960
0,0,1,0,0,6,359168
0,0,1,0,0,6,309497
0,0,1,0,0,6,104186
0,0,1,0,0,6,335642
0,0,1,0,0,6,326012
0,0,0,0,1,6,83665
0,0,1,0,0,6,121604
0,0,1,0,0,6,240174
0,0,1,0,0,6,372031
0,0,1,0,0,6,165031
0,0,1,0,0,6,283665
0,0,1,0,0,6,277796
0,0,0,0,1,6,331298
0,0,1,0,0,6,181926
0,0,1,0,0,6,147544
0,0,0,0,1,6,242974
0,0,1,0,0,6,38800
0,0,1,0,0,6,407199
0,0,1,0,0,6,103109
0,0,1,0,0,6,201345
0,0,1,0,0,6,165375
0,0,1,0,0,6,375186
0,0,1,0,0,6,105359
0,0,1,0,0,6,396371
0,0,1,0,0,6,203948
0,0,1,0,0,6,279848
0,0,1,0,0,6,333912
0,0,1,0,0,6,370787
0,0,1,0,0,6,206848
0,0,1,0,0,6,131690
0,0,1,0,0,6,245522
0,0,1,0,0,6,259012
0,0,1,0,0,6,166337
0,0,1,0,0,6,5086
0,0,1,0,0,6,88906
0,0,1,0,0,6,6798
0,0,1,0,0,6,281729
0,0,1,0,0,6,143701
0,0,1,0,0,6,358835
0,0,1,0,0,6,378148
0,0,1,0,0,6,329754
0,0,1,0,0,6,319279
0,0,1,0,0,6,232509
0,0,1,0,0,6,13500
0,0,1,0,0,6,340514
0,0,1,0,0,6,360230
0,0,1,0,0,6,305780
0,0,1,0,0,6,38167
0,0,1,0,0,6,241708
0,0,1,0,0,6,35657
0,0,1,0,0,6,213201
0,0,0,0,1,6,326843
0,0,1,0,0,6,146481
0,0,1,0,0,6,317980
0,0,1,0,0,6,289224
0,0,0,0,1,6,136504
0,0,1,0,0,6,418772
0,0,1,0,0,6,399754
0,0,0,0,1,6,332179
0,0,1,0,0,6,265330
0,0,1,0,0,6,336900
0,0,1,0,0,6,29321
0,0,1,0,0,6,111092
0,0,1,0,0,6,220347
0,0,1,0,0,6,165112
0,0,1,0,0,6,14422
0,0,1,0,0,6,195399
0,0,1,0,0,6,81426
0,0,1,0,0,6,323467
0,0,1,0,0,6,274301
0,0,1,0,0,6,166430
0,0,1,0,0,6,204619
0,0,1,0,0,6,10681
0,0,1,0,0,6,114185
0,0,1,0,0,6,325164
0,0,1,0,0,6,286634
0,0,1,0,0,6,302134
0,0,1,0,0,6,178867
0,0,1,0,0,6,286735
0,0,1,0,0,6,369740
0,0,1,0,0,6,384212
0,0,1,0,0,6,88661
0,0,1,0,0,6,326204
0,0,1,0,0,6,410410
0,0,1,0,0,6,238187
0,0,1,0,0,6,96965
0,0,1,0,0,6,96206
0,0,1,0,0,6,40988
0,0,1,0,0,6,160020
0,0,1,0,0,6,120927
0,0,1,0,0,6,353495
0,0,0,0,1,6,415806
0,0,1,0,0,6,131323
0,0,1,0,0,6,76888
0,0,0,0,1,6,396247
0,0,1,0,0,6,124214
0,0,0,0,1,6,279072
0,0,1,0,0,6,196985
0,0,1,0,0,6,403141
0,0,1,0,0,6,190002
0,0,1,0,0,6,194917
0,0,1,0,0,6,275749
0,0,1,0,0,6,393366
0,0,1,0,0,6,144464
0,0,1,0,0,6,720
0,0,1,0,0,6,249963
0,0,1,0,0,6,331715
0,0,1,0,0,6,59740
0,0,1,0,0,6,346274
0,0,1,0,0,6,23404
0,0,0,0,1,6,214957
0,0,1,0,0,6,32014
0,0,1,0,0,6,108999
0,0,0,0,1,6,321907
0,0,0,0,1,6,327010
0,0,1,0,0,6,206144
0,0,1,0,0,6,92249
0,0,1,0,0,6,422272
0,0,1,0,0,6,171503
0,0,1,0,0,6,59259
0,0,0,0,1,6,215555
0,0,1,0,0,6,103023
0,0,1,0,0,6,299842
0,0,1,0,0,6,97793
0,0,0,0,1,6,224777
0,0,1,0,0,6,95329
0,0,1,0,0,6,408075
0,0,1,0,0,6,154424
0,0,1,0,0,6,288410
0,0,1,0,0,6,421450
0,0,1,0,0,6,266012
0,0,1,0,0,6,236665
0,0,0,0,1,6,40967
0,0,0,0,1,6,331040
0,0,1,0,0,6,309307
0,0,1,0,0,6,181920
0,0,1,0,0,6,271004
0,0,1,0,0,6,99584
0,0,1,0,0,6,300912
0,0,1,0,0,6,165465
0,0,1,0,0,6,231838
0,0,1,0,0,6,38268
0,0,1,0,0,6,375583
0,0,1,0,0,6,129059
0,0,1,0,0,6,135648
0,0,1,0,0,6,198519
0,0,1,0,0,6,38453
0,0,1,0,0,6,8276
0,0,1,0,0,6,28609
0,0,1,0,0,6,405801
0,0,1,0,0,6,81906
0,0,1,0,0,6,53353
0,0,0,0,1,6,248970
0,0,1,0,0,6,178351
0,0,1,0,0,6,180881
0,0,1,0,0,6,279154
0,0,1,0,0,6,262601
0,0,1,0,0,6,4303
0,0,1,0,0,6,187527
0,0,1,0,0,6,59956
0,0,1,0,0,6,217255
0,0,1,0,0,6,324868
0,0,1,0,0,6,118418
0,0,1,0,0,6,51872
0,0,1,0,0,6,279620
0,0,1,0,0,6,120439
0,0,1,0,0,6,61247
0,0,1,0,0,6,165441
0,0,1,0,0,6,379063
0,0,1,0,0,6,384793
0,0,1,0,0,6,412166
0,0,1,0,0,6,7472
0,0,1,0,0,6,177823
0,0,1,0,0,6,390926
0,0,1,0,0,6,374785
0,0,1,0,0,6,347545
0,0,1,0,0,6,306131
0,0,1,0,0,6,90761
0,0,1,0,0,6,99787
0,0,0,0,1,6,190051
0,0,1,0,0,6,309672
0,0,1,0,0,6,62707
0,0,1,0,0,6,380752
0,0,1,0,0,6,362089
0,0,1,0,0,6,417496
0,0,1,0,0,6,339766
0,0,1,0,0,6,7961
0,0,1,0,0,6,365418
0,0,0,0,1,6,187806
0,0,1,0,0,6,376243
0,0,1,0,0,6,131642
0,0,1,0,0,6,50244
0,0,1,0,0,6,384831
0,0,1,0,0,6,102691
0,0,1,0,0,6,160222
0,0,0,0,1,6,326237
0,0,1,0,0,6,407651
0,0,1,0,0,6,268314
0,0,0,0,1,6,372276
0,0,1,0,0,6,268363
0,0,1,0,0,6,401394
0,0,1,0,0,6,256945
0,0,1,0,0,6,332804
0,0,1,0,0,6,415694
0,0,1,0,0,6,405964
0,0,1,0,0,6,405142
0,0,1,0,0,6,292284
0,0,1,0,0,6,418609
0,0,1,0,0,6,389333
0,0,1,0,0,6,135062
0,0,1,0,0,6,219486
0,0,1,0,0,6,217373
0,0,1,0,0,6,168362
0,0,1,0,0,6,39452
0,0,1,0,0,6,247720
0,0,1,0,0,6,248417
0,0,1,0,0,6,267914
0,0,1,0,0,6,306544
0,0,1,0,0,6,340468
0,0,0,0,1,6,208327
0,0,1,0,0,6,254971
0,0,1,0,0,6,405634
0,0,1,0,0,6,221686
0,0,1,0,0,6,299135
0,0,1,0,0,6,399718
0,0,1,0,0,6,210181
0,0,1,0,0,6,335897
0,0,1,0,0,6,268249
0,0,1,0,0,6,378867
0,0,1,0,0,6,1267
0,0,1,0,0,6,312933
0,0,1,0,0,6,43323
0,0,1,0,0,6,334077
0,0,1,0,0,6,51953
0,0,1,0,0,6,298081
0,0,1,0,0,6,259781
0,0,1,0,0,6,351738
0,0,1,0,0,6,1739
0,0,1,0,0,6,91010
0,0,1,0,0,6,53164
0,0,1,0,0,6,183380
0,0,1,0,0,6,246369
0,0,1,0,0,6,399277
0,0,1,0,0,6,346950
0,0,1,0,0,6,158432
0,0,1,0,0,6,409671
0,0,1,0,0,6,258666
0,0,1,0,0,6,165564
0,0,1,0,0,6,412068
0,0,1,0,0,6,210162
0,0,1,0,0,6,46892
0,0,1,0,0,6,222163
0,0,1,0,0,6,86468
0,0,1,0,0,6,154996
0,0,1,0,0,6,222613
0,0,1,0,0,6,158292
0,0,1,0,0,6,348375
0,0,0,0,1,6,247379
0,0,1,0,0,6,135416
0,0,1,0,0,6,250303
0,0,1,0,0,6,46568
0,0,1,0,0,6,189629
0,0,1,0,0,6,312538
0,0,1,0,0,6,35425
0,0,1,0,0,6,266327
0,0,1,0,0,6,223247
0,0,1,0,0,6,126673
0,0,1,0,0,6,207885
0,0,1,0,0,6,364931
0,0,1,0,0,6,94042
0,0,1,0,0,6,260750
0,0,1,0,0,6,123740
0,0,1,0,0,6,420737
0,0,1,0,0,6,298049
0,0,0,0,1,6,396425
0,0,1,0,0,6,331978
0,0,1,0,0,6,310356
0,0,1,0,0,6,71856
0,0,0,0,1,6,349151
0,0,1,0,0,6,71538
0,0,1,0,0,6,379436
0,0,0,0,1,6,62273
0,0,1,0,0,6,72620
0,0,0,0,1,6,89991
0,0,1,0,0,6,262884
0,0,1,0,0,6,410739
0,0,1,0,0,6,254262
0,0,1,0,0,6,103727
0,0,1,0,0,6,328751
0,0,1,0,0,6,422706
0,0,1,0,0,6,146976
0,0,1,0,0,6,148684
0,0,0,0,1,6,209501
0,0,1,0,0,6,125326
0,0,1,0,0,6,28402
0,0,1,0,0,6,236920
0,0,1,0,0,6,312954
0,0,1,0,0,6,286637
0,0,1,0,0,6,56305
0,0,1,0,0,6,62325
0,0,0,0,1,6,379396
0,0,1,0,0,6,177139
0,0,1,0,0,6,344612
0,0,1,0,0,6,124585
0,0,1,0,0,6,85457
0,0,1,0,0,6,197528
0,0,1,0,0,6,15977
0,0,1,0,0,6,409782
0,0,1,0,0,6,291018
0,0,1,0,0,6,118437
0,0,1,0,0,6,59181
0,0,0,0,1,6,267441
0,0,1,0,0,6,331174
0,0,1,0,0,6,318244
0,0,1,0,0,6,392948
0,0,1,0,0,6,41466
0,0,1,0,0,6,284566
0,0,1,0,0,6,310368
0,0,1,0,0,6,228121
0,0,1,0,0,6,255493
0,0,1,0,0,6,183873
0,0,1,0,0,6,26661
0,0,1,0,0,6,131845
0,0,1,0,0,6,136198
0,0,1,0,0,6,74969
0,0,0,0,1,6,419214
0,0,0,0,1,6,314393
0,0,1,0,0,6,382445
0,0,1,0,0,6,424036
0,0,1,0,0,6,326356
0,0,1,0,0,6,344772
0,0,1,0,0,6,287281
0,0,1,0,0,6,268427
0,0,1,0,0,6,153688
0,0,1,0,0,6,97516
0,0,1,0,0,6,356239
0,0,0,0,1,6,216151
0,0,1,0,0,6,59307
0,0,1,0,0,6,41185
0,0,1,0,0,6,254785
0,0,1,0,0,6,290639
0,0,1,0,0,6,108670
0,0,1,0,0,6,267023
0,0,1,0,0,6,254637
0,0,1,0,0,6,348145
0,0,1,0,0,6,108696
0,0,1,0,0,6,191672
0,0,1,0,0,6,57053
0,0,1,0,0,6,170811
0,0,1,0,0,6,29029
0,0,1,0,0,6,407803
0,0,1,0,0,6,212155
0,0,1,0,0,6,356756
0,0,1,0,0,6,354884
0,0,1,0,0,6,244492
0,0,1,0,0,6,385934
0,0,1,0,0,6,158141
0,0,1,0,0,6,413372
0,0,0,0,1,6,81982
0,0,1,0,0,6,15599
0,0,1,0,0,6,10101
0,0,1,0,0,6,10033
0,0,1,0,0,6,226477
0,0,0,0,1,6,345297
0,0,1,0,0,6,231496
0,0,1,0,0,6,2648
0,0,1,0,0,6,244425
0,0,0,0,1,6,359208
0,0,1,0,0,6,148270
0,0,1,0,0,6,323904
0,0,1,0,0,6,11676
0,0,1,0,0,6,47985
0,0,1,0,0,6,397630
0,0,1,0,0,6,89870
0,0,1,0,0,6,63097
0,0,1,0,0,6,204020
0,0,1,0,0,6,97715
0,0,0,0,1,6,215320
0,0,1,0,0,6,133675
0,0,1,0,0,6,397255
0,0,1,0,0,6,2748
0,0,1,0,0,6,104644
0,0,1,0,0,6,115164
0,0,1,0,0,6,254705
0,0,1,0,0,6,81120
0,0,1,0,0,6,43100
0,0,1,0,0,6,241252
0,0,0,0,1,6,117453
0,0,1,0,0,6,155274
0,0,1,0,0,6,82880
0,0,1,0,0,6,294762
0,0,1,0,0,6,2910
0,0,1,0,0,6,38338
0,0,1,0,0,6,387664
0,0,1,0,0,6,194849
0,0,1,0,0,6,83956
0,0,1,0,0,6,403463
0,0,1,0,0,6,211825
0,0,1,0,0,6,240945
0,0,1,0,0,6,136883
0,0,1,0,0,6,322649
0,0,0,0,1,6,308359
0,0,1,0,0,6,411273
0,0,1,0,0,6,213626
0,0,1,0,0,6,278212
0,0,0,0,1,6,101597
0,0,1,0,0,6,343338
0,0,1,0,0,6,68913
0,0,1,0,0,6,147654
0,0,1,0,0,6,306450
0,0,1,0,0,6,218033
0,0,1,0,0,6,43659
0,0,1,0,0,6,357570
0,0,1,0,0,6,287832
0,0,0,0,1,6,213549
0,0,1,0,0,6,230914
0,0,1,0,0,6,57243
0,0,0,0,1,6,240970
0,0,1,0,0,6,312089
0,0,1,0,0,6,365870
0,0,1,0,0,6,42614
0,0,1,0,0,6,256707
0,0,1,0,0,6,109789
0,0,0,0,1,6,17033
0,0,1,0,0,6,377372
0,0,1,0,0,6,156610
0,0,1,0,0,6,245128
0,0,1,0,0,6,136285
0,0,1,0,0,6,138594
0,0,1,0,0,6,169817
0,0,1,0,0,6,50025
0,0,1,0,0,6,217752
0,0,1,0,0,6,198265
0,0,1,0,0,6,13146
0,0,0,0,1,6,203843
0,0,1,0,0,6,133643
0,0,0,0,1,6,362155
0,0,1,0,0,6,16333
0,0,1,0,0,6,281384
0,0,1,0,0,6,281676
0,0,1,0,0,6,178668
0,0,1,0,0,6,147185
0,0,1,0,0,6,78363
0,0,1,0,0,6,328248
0,0,1,0,0,6,372725
0,0,1,0,0,6,269781
0,0,1,0,0,6,13
0,0,1,0,0,6,228165
0,0,0,0,1,6,400493
0,0,1,0,0,6,89666
0,0,1,0,0,6,267233
0,0,1,0,0,6,359536
0,0,1,0,0,6,278371
0,0,1,0,0,6,269305
0,0,1,0,0,6,361556
0,0,1,0,0,6,70879
0,0,1,0,0,6,228103
0,0,1,0,0,6,173746
0,0,0,0,1,6,244525
0,0,1,0,0,6,55442
0,0,1,0,0,6,236585
0,0,0,0,1,6,189619
0,0,1,0,0,6,148931
0,0,1,0,0,6,151587
0,0,0,0,1,6,300412
0,0,1,0,0,6,91375
0,0,1,0,0,6,377646
0,0,1,0,0,6,120358
0,0,1,0,0,6,182963
0,0,1,0,0,6,255511
0,0,1,0,0,6,34297
0,0,1,0,0,6,109228
0,0,1,0,0,6,162590
0,0,1,0,0,6,20881
0,0,1,0,0,6,55637
0,0,1,0,0,6,20516
0,0,1,0,0,6,281619
0,0,1,0,0,6,116355
0,0,1,0,0,6,201552
0,0,1,0,0,6,312795
0,0,1,0,0,6,74892
0,0,1,0,0,6,327119
0,0,1,0,0,6,136266
0,0,1,0,0,6,228722
0,0,1,0,0,6,339075
0,0,1,0,0,6,269793
0,0,1,0,0,6,210708
0,0,1,0,0,6,228884
0,0,1,0,0,6,243660
0,0,1,0,0,6,136275
0,0,0,0,1,6,352113
0,0,1,0,0,6,399344
0,0,1,0,0,6,76662
0,0,1,0,0,6,211084
0,0,1,0,0,6,109739
0,0,1,0,0,6,136449
0,0,1,0,0,6,46928
0,0,1,0,0,6,96523
0,0,1,0,0,6,413283
0,0,1,0,0,6,3085
0,0,1,0,0,6,226471
0,0,1,0,0,6,342273
0,0,1,0,0,6,394923
0,0,1,0,0,6,174029
0,0,1,0,0,6,50416
0,0,1,0,0,6,35276
0,0,1,0,0,6,363335
0,0,1,0,0,6,301080
0,0,1,0,0,6,160068
0,0,1,0,0,6,263220
0,0,1,0,0,6,414481
0,0,1,0,0,6,141203
0,0,0,0,1,6,231333
0,0,1,0,0,6,300882
0,0,1,0,0,6,232689
0,0,0,0,1,6,130911
0,0,1,0,0,6,98695
0,0,1,0,0,6,52177
0,0,1,0,0,6,9962
0,0,1,0,0,6,166015
0,0,1,0,0,6,168588
0,0,1,0,0,6,413
0,0,1,0,0,6,340783
0,0,1,0,0,6,4327
0,0,1,0,0,6,186286
0,0,0,0,1,6,273019
0,0,1,0,0,6,28417
0,0,1,0,0,6,101388
0,0,1,0,0,6,414868
0,0,1,0,0,6,326805
0,0,0,0,1,6,200970
0,0,1,0,0,6,366328
0,0,1,0,0,6,22827
0,0,1,0,0,6,340579
0,0,0,0,1,6,115296
0,0,1,0,0,6,183234
0,0,1,0,0,6,218643
0,0,1,0,0,6,77699
0,0,1,0,0,6,229463
0,0,1,0,0,6,223006
0,0,1,0,0,6,244025
0,0,1,0,0,6,288676
0,0,1,0,0,6,411241
0,0,1,0,0,6,250633
0,0,1,0,0,6,60894
0,0,1,0,0,6,27451
0,0,1,0,0,6,191099
0,0,0,0,1,6,403870
0,0,1,0,0,6,380802
0,0,1,0,0,6,278284
0,0,1,0,0,6,344989
0,0,1,0,0,6,19721
0,0,0,0,1,6,267584
0,0,1,0,0,6,28986
0,0,1,0,0,6,305476
0,0,1,0,0,6,169031
0,0,1,0,0,6,62034
0,0,1,0,0,6,310390
0,0,1,0,0,6,360185
0,0,0,0,1,6,11735
0,0,1,0,0,6,901
0,0,1,0,0,6,200600
0,0,1,0,0,6,284416
0,0,0,0,1,6,328752
0,0,0,0,1,6,339090
